date,time_utc,equity,spy_benchmark,drawdown,exposure_long,turnover
2016-01-01,2016-01-01T05:00:00Z,100000.0,171.4433,0.0,0.0,0.0
2016-01-05,2016-01-05T08:27:38Z,100000.0,169.0628,0.0,0.0,0.0
2016-01-09,2016-01-09T11:55:16Z,100000.0,161.4034,0.0,0.0,0.0
2016-01-13,2016-01-13T15:22:55Z,100000.0,161.0989,0.0,0.0,0.0
2016-01-17,2016-01-17T18:50:33Z,100000.0,157.939,0.0,0.0,0.0
2016-01-21,2016-01-21T22:18:11Z,100000.0,156.78,0.0,0.0,0.0
2016-01-25,2016-01-26T01:45:50Z,100000.0,158.1019,0.0,0.0,0.0
2016-01-30,2016-01-30T05:13:28Z,100000.0,163.0178,0.0,0.0,0.0
2016-02-03,2016-02-03T08:41:06Z,98269.96,160.0008,-1.877678,0.901,0.0
2016-02-07,2016-02-07T12:08:45Z,96571.12,158.0651,-3.71,0.8992,0.0
2016-02-11,2016-02-11T15:36:23Z,94723.1,154.9728,-5.027746,0.8977581,0.0
2016-02-15,2016-02-15T19:04:01Z,96080.45,156.9468,-3.73,0.8991,0.0
2016-02-19,2016-02-19T22:31:40Z,98695.62,161.4568,-1.067975,0.9018539,0.0
2016-02-23,2016-02-24T01:59:18Z,99354.34,161.9867,-1.268056,0.9024757,0.0
2016-02-28,2016-02-28T05:26:57Z,100859.47,164.0521,-0.1,0.9041,0.0
2016-03-03,2016-03-03T08:54:35Z,103382.55,167.4581,0.0,0.9964,0.0
2016-03-07,2016-03-07T12:22:13Z,104843.24,168.5447,0.0,0.9964,0.0
2016-03-11,2016-03-11T15:49:52Z,106342.75,169.0074,-0.2194811,0.9964451,0.0
2016-03-15,2016-03-15T19:17:30Z,106196.4,170.1229,-0.2357484,0.9965,0.0
2016-03-19,2016-03-19T22:45:08Z,108748.62,172.8593,0.0,0.9965,0.0
2016-03-23,2016-03-24T02:12:47Z,107707.08,171.8486,-1.342889,0.9965,0.0
2016-03-28,2016-03-28T05:40:25Z,107556.58,171.677,-1.54117,0.9965,0.0
2016-04-01,2016-04-01T09:08:03Z,108815.15,173.9824,-0.310746,0.997206,0.02210909
2016-04-05,2016-04-05T12:35:42Z,107612.0,173.7045,-1.089477,0.9998,0.0
2016-04-09,2016-04-09T16:03:20Z,107534.91,172.8255,-1.55,0.9998,0.0
2016-04-13,2016-04-13T19:30:58Z,109703.87,175.2219,-0.34288,0.9998,0.0
2016-04-17,2016-04-17T22:58:37Z,109739.55,175.6315,-0.29,0.9998,0.0
2016-04-21,2016-04-22T02:26:15Z,109076.48,176.6256,-0.8535459,0.9998,0.0
2016-04-26,2016-04-26T05:53:54Z,108509.11,176.3266,-1.419435,0.9998,0.0
2016-04-30,2016-04-30T09:21:32Z,105799.49,174.3637,-4.35,0.9998,0.0
2016-05-04,2016-05-04T12:49:10Z,103381.77,173.8566,-5.576706,0.9454428,0.0
2016-05-08,2016-05-08T16:16:49Z,103309.4,173.8566,-6.09,0.9451,0.0
2016-05-12,2016-05-12T19:44:27Z,102972.23,174.5605,-6.246641,0.9450377,0.0
2016-05-16,2016-05-16T23:12:05Z,103655.82,174.4416,-6.015917,0.94516,0.0
2016-05-20,2016-05-21T02:39:44Z,103722.12,173.6202,-5.78623,0.9452833,0.0
2016-05-25,2016-05-25T06:07:22Z,105878.31,175.7946,-4.188621,0.9462442,0.0
2016-05-29,2016-05-29T09:35:00Z,106687.06,177.6684,-2.98,0.9469,0.0
2016-06-02,2016-06-02T13:02:39Z,106715.5,177.942,-3.123474,0.997,0.0
2016-06-06,2016-06-06T16:30:17Z,106964.62,178.2164,-3.114853,0.9970521,0.0
2016-06-10,2016-06-10T19:57:55Z,106652.99,178.085,-2.781926,0.9970335,0.0
2016-06-14,2016-06-14T23:25:34Z,104245.99,175.9298,-5.246597,0.997,0.0
2016-06-18,2016-06-19T02:53:12Z,104576.71,175.4677,-4.96,0.997,0.0
2016-06-23,2016-06-23T06:20:51Z,106222.95,176.9781,-4.286756,0.997,0.0
2016-06-27,2016-06-27T09:48:29Z,102465.23,171.8388,-7.627255,0.9968758,0.0
2016-07-01,2016-07-01T13:16:07Z,104294.0,178.1018,-4.92035,0.9983517,0.08396867
2016-07-05,2016-07-05T16:43:46Z,104044.45,177.6065,-5.001002,1.0005,0.0
2016-07-09,2016-07-09T20:11:24Z,106373.57,180.7097,-3.15,1.0005,0.0
2016-07-13,2016-07-13T23:39:02Z,108527.42,182.6151,-1.303624,1.0005,0.0
2016-07-17,2016-07-18T03:06:41Z,109243.5,183.3774,-0.72,1.0005,0.0
2016-07-22,2016-07-22T06:34:19Z,108608.99,183.7941,-1.751419,1.0005,0.0
2016-07-26,2016-07-26T10:01:57Z,108682.58,184.0806,-1.159618,1.0005,0.0
2016-07-30,2016-07-30T13:29:36Z,107949.65,184.4904,-2.01,1.0005,0.0
2016-08-03,2016-08-03T16:57:14Z,107008.65,183.4312,-3.255813,0.9464699,0.0
2016-08-07,2016-08-07T20:24:52Z,107700.72,185.3315,-2.07,0.9471,0.0
2016-08-11,2016-08-11T23:52:31Z,108171.97,185.637,-1.808583,0.9472313,0.0
2016-08-15,2016-08-16T03:20:09Z,108591.26,186.1226,-1.33245,0.9474945,0.0
2016-08-20,2016-08-20T06:47:48Z,107643.17,185.6883,-2.37,0.947,0.0
2016-08-24,2016-08-24T10:15:26Z,107742.44,185.7701,-2.153002,0.9470739,0.0
2016-08-28,2016-08-28T13:43:04Z,107117.72,184.6008,-2.75,0.9467,0.0
2016-09-01,2016-09-01T17:10:43Z,107087.17,184.7041,-2.630402,0.9752439,0.03577736
2016-09-05,2016-09-05T20:38:21Z,107668.58,185.5184,-2.12,0.9986,0.0
2016-09-09,2016-09-10T00:05:59Z,105114.58,181.953,-4.154244,0.9985163,0.0
2016-09-13,2016-09-14T03:33:38Z,105347.46,181.2177,-4.244735,0.9985018,0.0
2016-09-18,2016-09-18T07:01:16Z,105931.04,182.2014,-3.63,0.9985,0.0
2016-09-22,2016-09-22T10:28:54Z,106863.64,184.6072,-2.68985,0.9986,0.0
2016-09-26,2016-09-26T13:56:33Z,106097.31,183.8197,-3.092559,0.9985586,0.0
2016-09-30,2016-09-30T17:24:11Z,107121.45,184.0926,-2.975948,0.9985558,0.0
2016-10-04,2016-10-04T20:51:49Z,106809.77,183.5994,-2.812411,0.992,0.0
2016-10-08,2016-10-09T00:19:28Z,106754.86,183.6275,-2.99,0.992,0.0
2016-10-12,2016-10-13T03:47:06Z,106061.1,182.4897,-3.620179,0.9919,0.0
2016-10-17,2016-10-17T07:14:45Z,105401.99,181.9025,-3.838441,0.9919,0.0
2016-10-21,2016-10-21T10:42:23Z,106935.79,182.6608,-2.432355,0.992,0.0
2016-10-25,2016-10-25T14:10:01Z,107383.22,183.239,-2.202507,0.9920576,0.0
2016-10-29,2016-10-29T17:37:40Z,106422.4,181.4927,-3.4,0.992,0.0
2016-11-02,2016-11-02T21:05:18Z,105903.56,179.414,-3.79288,0.9936,0.0
2016-11-06,2016-11-07T00:32:56Z,105217.49,178.0855,-4.42,0.9935,0.0
2016-11-10,2016-11-11T04:00:35Z,110230.9,185.216,-0.02104235,0.9938,0.0
2016-11-15,2016-11-15T07:28:13Z,111196.38,185.0996,0.0,0.9938103,0.0
2016-11-19,2016-11-19T10:55:51Z,111119.8,186.5821,-0.45,0.9939,0.0
2016-11-23,2016-11-23T14:23:30Z,111966.08,188.3983,0.0,0.9939,0.0
2016-11-27,2016-11-27T17:51:08Z,112719.51,189.1609,0.0,0.9939,0.0
2016-12-01,2016-12-01T21:18:46Z,112278.24,187.7173,-0.6345217,0.9934922,0.04723521
2016-12-05,2016-12-06T00:46:25Z,112770.21,188.5184,-0.06867736,0.9933824,0.0
2016-12-09,2016-12-10T04:14:03Z,116731.07,193.385,0.0,0.9936,0.0
2016-12-14,2016-12-14T07:41:42Z,115978.18,194.3091,-0.1055546,0.9935888,0.0
2016-12-18,2016-12-18T11:09:20Z,116532.33,193.3002,-0.23,0.9936,0.0
2016-12-22,2016-12-22T14:36:58Z,116614.86,193.7931,-0.2262652,0.9936,0.0
2016-12-26,2016-12-26T18:04:37Z,116851.51,193.8757,-0.22,0.9936,0.0
2016-12-30,2016-12-30T21:32:15Z,115315.75,192.2222,-1.553441,0.9935,0.0
2017-01-03,2017-01-04T00:59:53Z,116977.31,193.2271,-0.406781,1.000583,0.004634089
2017-01-07,2017-01-08T04:27:32Z,116634.15,195.1642,-1.28,1.002,0.0
2017-01-12,2017-01-12T07:55:10Z,116959.22,195.0101,-1.021361,1.002,0.0
2017-01-16,2017-01-16T11:22:48Z,116856.35,195.0267,-1.11,1.002,0.0
2017-01-20,2017-01-20T14:50:27Z,115998.62,194.3399,-1.660085,1.002,0.0
2017-01-24,2017-01-24T18:18:05Z,116647.87,194.944,-1.593361,1.002,0.0
2017-01-28,2017-01-28T21:45:43Z,116595.09,196.6759,-1.32,1.002,0.0
2017-02-01,2017-02-02T01:13:22Z,115912.71,195.5041,-1.884819,0.9959331,0.03650929
2017-02-05,2017-02-06T04:41:00Z,116665.46,196.9937,-1.25,0.9949,0.0
2017-02-10,2017-02-10T08:08:39Z,117277.76,198.1784,-0.6711784,0.9949,0.0
2017-02-14,2017-02-14T11:36:17Z,118451.6,200.1598,-0.04348792,0.9949275,0.0
2017-02-18,2017-02-18T15:03:55Z,119518.18,201.9328,-0.06,0.995,0.0
2017-02-22,2017-02-22T18:31:34Z,120518.93,203.0336,-0.09581019,0.9951,0.0
2017-02-26,2017-02-26T21:59:12Z,121356.95,203.35,0.0,0.9951,0.0
2017-03-02,2017-03-03T01:26:50Z,119280.25,204.8563,-1.684938,0.9951148,0.0
2017-03-06,2017-03-07T04:54:29Z,118621.23,204.1855,-2.298392,0.9951,0.0
2017-03-11,2017-03-11T08:22:07Z,118078.22,204.1661,-2.84,0.9951,0.0
2017-03-15,2017-03-15T11:49:45Z,118378.8,204.0619,-3.191365,0.9950326,0.0
2017-03-19,2017-03-19T15:17:24Z,118600.66,204.4909,-2.3,0.9951,0.0
2017-03-23,2017-03-23T18:45:02Z,117207.8,201.9859,-3.559169,0.9950385,0.0
2017-03-27,2017-03-27T22:12:40Z,117658.68,201.599,-3.17336,0.9950759,0.0
2017-03-31,2017-04-01T01:40:19Z,118429.67,203.424,-2.42545,0.9951,0.0
2017-04-05,2017-04-05T05:07:57Z,116269.36,203.1252,-4.414631,0.9994,0.0
2017-04-09,2017-04-09T08:35:36Z,115977.55,202.9121,-4.49,0.9994,0.0
2017-04-13,2017-04-13T12:03:14Z,115431.14,201.4627,-4.61135,0.9994,0.0
2017-04-17,2017-04-17T15:30:52Z,115864.71,201.4441,-4.765314,0.9994,0.0
2017-04-21,2017-04-21T18:58:31Z,114819.51,202.6292,-5.435993,0.9994,0.0
2017-04-25,2017-04-25T22:26:09Z,116619.54,205.5263,-3.989101,0.9994,0.0
2017-04-29,2017-04-30T01:53:47Z,117318.81,205.3968,-3.36,0.9994,0.0
2017-05-04,2017-05-04T05:21:26Z,117727.4,205.7556,-2.990206,0.9418113,0.0
2017-05-08,2017-05-08T08:49:04Z,117910.59,206.7875,-2.444389,0.9421398,0.0
2017-05-12,2017-05-12T12:16:42Z,117795.72,206.3993,-2.803482,0.941931,0.0
2017-05-16,2017-05-16T15:44:21Z,117960.96,207.2192,-2.768914,0.9419511,0.0
2017-05-20,2017-05-20T19:11:59Z,117064.5,205.5952,-3.66,0.9414,0.0
2017-05-24,2017-05-24T22:39:37Z,118167.04,207.472,-2.644472,0.9419778,0.0
2017-05-28,2017-05-29T02:07:16Z,118865.7,208.5285,-2.09,0.9423,0.0
2017-06-02,2017-06-02T05:34:54Z,119822.83,209.9981,-1.44759,0.999,0.0
2017-06-06,2017-06-06T09:02:33Z,118936.0,210.3541,-1.535397,0.999,0.0
2017-06-10,2017-06-10T12:30:11Z,118604.09,209.9951,-2.32,0.999,0.0
2017-06-14,2017-06-14T15:57:49Z,118430.08,210.8453,-2.439879,0.999,0.0
2017-06-18,2017-06-18T19:25:28Z,117874.36,210.349,-2.96,0.999,0.0
2017-06-22,2017-06-22T22:53:06Z,119158.18,210.5427,-1.898035,0.999,0.0
2017-06-26,2017-06-27T02:20:44Z,120496.42,210.9029,-0.7620561,0.999,0.0
2017-07-01,2017-07-01T05:48:23Z,119907.02,209.6208,-1.36,0.999,0.0
2017-07-05,2017-07-05T09:16:01Z,120240.24,210.0827,-1.268074,0.9998,0.0
2017-07-09,2017-07-09T12:43:39Z,119727.95,209.8895,-1.49,0.9998,0.0
2017-07-13,2017-07-13T16:11:18Z,120930.91,211.7172,-0.3878019,0.9998,0.0
2017-07-17,2017-07-17T19:38:56Z,122008.52,212.8634,0.0,0.9998,0.0
2017-07-21,2017-07-21T23:06:34Z,123588.05,214.0636,0.0,0.9998,0.0
2017-07-25,2017-07-26T02:34:13Z,123029.0,214.4619,-0.5086821,0.9998,0.0
2017-07-30,2017-07-30T06:01:51Z,121716.5,214.0507,-1.81,0.9998,0.0
2017-08-03,2017-08-03T09:29:30Z,121238.81,214.415,-2.011188,0.9933771,0.0
2017-08-07,2017-08-07T12:57:08Z,121329.97,214.633,-1.930159,0.9934,0.0
2017-08-11,2017-08-11T16:24:46Z,119274.45,211.4814,-3.900698,0.9932,0.0
2017-08-15,2017-08-15T19:52:25Z,119507.21,213.7128,-3.221649,0.9933,0.0
2017-08-19,2017-08-19T23:20:03Z,117441.33,210.4097,-5.12,0.9931,0.0
2017-08-23,2017-08-24T02:47:41Z,118291.64,212.0518,-4.306861,0.9932,0.0
2017-08-28,2017-08-28T06:15:20Z,118849.66,212.0143,-3.8,0.9932,0.0
2017-09-01,2017-09-01T09:42:58Z,119532.78,214.6259,-2.81338,0.9932762,0.09197136
2017-09-05,2017-09-05T13:10:36Z,119665.07,214.267,-3.591782,0.9932,0.0
2017-09-09,2017-09-09T16:38:15Z,119163.37,213.7647,-3.69,0.9932,0.0
2017-09-13,2017-09-13T20:05:53Z,120596.33,216.8427,-2.419509,0.9933,0.0
2017-09-17,2017-09-17T23:33:31Z,120537.58,217.0951,-2.54,0.9933,0.0
2017-09-21,2017-09-22T03:01:10Z,121097.45,217.2931,-2.07817,0.9933,0.0
2017-09-26,2017-09-26T06:28:48Z,121574.88,216.882,-1.640365,0.9933103,0.0
2017-09-30,2017-09-30T09:56:27Z,122357.39,218.8723,-0.94,0.9934,0.0
2017-10-04,2017-10-04T13:24:05Z,123186.97,220.3948,-0.3704135,0.8952,0.0
2017-10-08,2017-10-08T16:51:43Z,123319.8,221.6079,-0.38,0.8953,0.0
2017-10-12,2017-10-12T20:19:22Z,123226.42,221.949,-0.387234,0.895296,0.0
2017-10-16,2017-10-16T23:47:00Z,123876.32,222.3574,-0.04121557,0.8958176,0.0
2017-10-20,2017-10-21T03:14:38Z,124067.69,223.9588,-0.009448408,0.8958874,0.0
2017-10-25,2017-10-25T06:42:17Z,123157.33,223.3911,-0.2333975,0.8957098,0.0
2017-10-29,2017-10-29T10:09:55Z,121973.24,224.5177,-1.87,0.894,0.0
2017-11-02,2017-11-02T13:37:33Z,120908.71,224.361,-2.454391,0.9977,0.0
2017-11-06,2017-11-06T17:05:12Z,120302.04,225.3379,-2.856699,0.9977,0.0
2017-11-10,2017-11-10T20:32:50Z,120853.34,224.8733,-2.575219,0.9977,0.0
2017-11-14,2017-11-15T00:00:28Z,120685.74,224.6438,-2.688001,0.9977,0.0
2017-11-18,2017-11-19T03:28:07Z,121640.73,224.6484,-1.94,0.9977,0.0
2017-11-23,2017-11-23T06:55:45Z,122465.24,226.3037,-1.15,0.9977,0.0
2017-11-27,2017-11-27T10:23:24Z,122033.62,226.801,-1.488604,0.9977,0.0
2017-12-01,2017-12-01T13:51:02Z,124230.12,230.7008,-0.1327601,0.9965093,0.08819078
2017-12-05,2017-12-05T17:18:40Z,125175.49,229.695,-0.08207554,0.9943,0.0
2017-12-09,2017-12-09T20:46:19Z,126730.95,231.3131,0.0,0.9944,0.0
2017-12-13,2017-12-14T00:13:57Z,127179.89,232.3986,-0.03575519,0.9944,0.0
2017-12-17,2017-12-18T03:41:35Z,128400.41,233.379,0.0,0.9944,0.0
2017-12-22,2017-12-22T07:09:14Z,129788.51,234.3105,-0.0455126,0.9945,0.0
2017-12-26,2017-12-26T10:36:52Z,130093.76,234.1891,0.0,0.9945,0.0
2017-12-30,2017-12-30T14:04:30Z,129429.44,233.6855,-0.6,0.9945,0.0
2018-01-03,2018-01-03T17:32:09Z,131220.0,236.1356,0.0,1.0006,0.0
2018-01-07,2018-01-07T20:59:47Z,132817.2,239.43,0.0,1.0006,0.0
2018-01-11,2018-01-12T00:27:25Z,133988.33,241.4629,-0.07571291,1.0006,0.0
2018-01-15,2018-01-16T03:55:04Z,135886.38,243.3706,0.0,1.0005,0.0
2018-01-20,2018-01-20T07:22:42Z,137386.67,245.5511,0.0,1.0005,0.0
2018-01-24,2018-01-24T10:50:21Z,139243.8,248.0496,-0.08515485,1.0005,0.0
2018-01-28,2018-01-28T14:17:59Z,141531.63,250.954,0.0,1.0005,0.0
2018-02-01,2018-02-01T17:45:37Z,139684.25,246.7068,-1.904543,0.9935881,0.2546612
2018-02-05,2018-02-05T21:13:16Z,131596.37,234.3895,-6.511314,0.9868621,0.0
2018-02-09,2018-02-10T00:40:54Z,129524.52,228.3821,-8.884943,0.986482,0.0
2018-02-13,2018-02-14T04:08:32Z,132044.5,232.9118,-6.93322,0.9867964,0.0
2018-02-18,2018-02-18T07:36:11Z,134500.7,239.1585,-4.83,0.9871,0.0
2018-02-22,2018-02-22T11:03:49Z,134066.84,236.5564,-5.674947,0.987,0.0
2018-02-26,2018-02-26T14:31:27Z,136889.97,241.6682,-3.821558,0.9872397,0.0
2018-03-02,2018-03-02T17:59:06Z,134647.37,235.0749,-5.818134,0.9909541,0.0
2018-03-06,2018-03-06T21:26:44Z,136777.79,238.7669,-3.619971,0.9911685,0.0
2018-03-10,2018-03-11T00:54:22Z,139809.28,244.2025,-1.37,0.9914,0.0
2018-03-15,2018-03-15T04:22:01Z,139448.15,241.0723,-1.754894,0.9913,0.0
2018-03-19,2018-03-19T07:49:39Z,138318.77,240.5572,-1.67979,0.9913841,0.0
2018-03-23,2018-03-23T11:17:18Z,133840.16,230.3188,-4.9004,0.9910393,0.0
2018-03-27,2018-03-27T14:44:56Z,133824.09,231.3095,-4.73525,0.9910552,0.0
2018-03-31,2018-03-31T18:12:34Z,135110.27,231.3622,-4.68,0.9911,0.0
2018-04-04,2018-04-04T21:40:13Z,135178.58,231.0757,-4.999011,0.9947736,0.0
2018-04-08,2018-04-09T01:07:51Z,133326.22,228.3465,-6.07,0.9947,0.0
2018-04-13,2018-04-13T04:35:29Z,135666.0,233.7894,-3.901726,0.9948,0.0
2018-04-17,2018-04-17T08:03:08Z,138902.83,235.4618,-2.449466,0.9949169,0.0
2018-04-21,2018-04-21T11:30:46Z,138719.86,234.4042,-2.36,0.9949,0.0
2018-04-25,2018-04-25T14:58:24Z,138188.62,231.474,-3.155628,0.9949,0.0
2018-04-29,2018-04-29T18:26:03Z,139121.18,234.3602,-1.87,0.995,0.0
2018-05-03,2018-05-03T21:53:41Z,136293.31,231.0259,-3.973161,0.9961,0.0
2018-05-07,2018-05-08T01:21:19Z,137259.6,234.5896,-3.214574,0.9961,0.0
2018-05-12,2018-05-12T04:48:58Z,138766.54,239.8904,-1.95,0.9961,0.0
2018-05-16,2018-05-16T08:16:36Z,140903.21,238.5304,-1.222887,0.9962,0.0
2018-05-20,2018-05-20T11:44:15Z,141396.77,238.554,-0.4,0.9962,0.0
2018-05-24,2018-05-24T15:11:53Z,142418.34,240.1091,-0.2986977,0.9962,0.0
2018-05-28,2018-05-28T18:39:31Z,142558.36,239.275,-0.09,0.9962,0.0
2018-06-01,2018-06-01T22:07:10Z,142953.99,239.9768,-0.4242246,0.9993709,0.05552151
2018-06-05,2018-06-06T01:34:48Z,144132.03,241.8509,0.0,1.0004,0.0
2018-06-10,2018-06-10T05:02:26Z,144724.23,244.5854,0.0,1.0004,0.0
2018-06-14,2018-06-14T08:30:05Z,144673.44,244.5601,-0.6987269,1.0004,0.0
2018-06-18,2018-06-18T11:57:43Z,143815.4,244.584,-0.6791001,1.0004,0.0
2018-06-22,2018-06-22T15:25:21Z,143060.08,242.4089,-1.43043,1.0004,0.0
2018-06-26,2018-06-26T18:53:00Z,140759.89,239.6658,-3.225194,1.0004,0.0
2018-06-30,2018-06-30T22:20:38Z,138921.25,239.5845,-4.39,1.0004,0.0
2018-07-04,2018-07-05T01:48:16Z,138770.19,239.2489,-4.42,0.9935,0.0
2018-07-09,2018-07-09T05:15:55Z,141176.13,243.3563,-3.080984,0.9936053,0.0
2018-07-13,2018-07-13T08:43:33Z,141963.72,246.7676,-2.469109,0.9936197,0.0
2018-07-17,2018-07-17T12:11:12Z,141598.41,247.0432,-2.628833,0.9936,0.0
2018-07-21,2018-07-21T15:38:50Z,141012.35,247.0031,-2.93,0.9936,0.0
2018-07-25,2018-07-25T19:06:28Z,141897.79,250.0419,-2.485285,0.993663,0.0
2018-07-29,2018-07-29T22:34:07Z,143967.75,248.5398,-0.76,0.9938,0.0
2018-08-02,2018-08-03T02:01:45Z,143852.01,249.2855,-0.9249267,0.9916,0.0
2018-08-07,2018-08-07T05:29:23Z,145467.88,251.4351,-0.262617,0.9917,0.0
2018-08-11,2018-08-11T08:57:02Z,144831.64,250.0765,-0.93,0.9917,0.0
2018-08-15,2018-08-15T12:24:40Z,144190.0,250.0738,-1.66262,0.991565,0.0
2018-08-19,2018-08-19T15:52:18Z,143512.65,251.7545,-1.72,0.9916,0.0
2018-08-23,2018-08-23T19:19:57Z,145549.19,252.5204,-0.08027437,0.9917,0.0
2018-08-27,2018-08-27T22:47:35Z,148204.85,255.4881,0.0,0.9918783,0.0
2018-08-31,2018-09-01T02:15:13Z,147331.96,256.3905,-0.7676318,0.9918,0.0
2018-09-05,2018-09-05T05:42:52Z,147030.22,255.9003,-0.6114335,0.9919,0.0
2018-09-09,2018-09-09T09:10:30Z,144989.81,253.9977,-2.67,0.9917,0.0
2018-09-13,2018-09-13T12:38:09Z,144114.45,255.8835,-2.659334,0.991736,0.0
2018-09-17,2018-09-17T16:05:47Z,145059.33,256.209,-2.066247,0.9918,0.0
2018-09-21,2018-09-21T19:33:25Z,146865.18,259.1296,-1.162928,0.9918648,0.0
2018-09-25,2018-09-25T23:01:04Z,145399.16,257.998,-1.970155,0.9918208,0.0
2018-09-29,2018-09-30T02:28:42Z,144854.19,257.9217,-2.44,0.9918,0.0
2018-10-04,2018-10-04T05:56:20Z,145036.16,258.6454,-1.324837,0.997,0.0
2018-10-08,2018-10-08T09:23:59Z,144315.4,255.3488,-2.852499,0.997,0.0
2018-10-12,2018-10-12T12:51:37Z,135979.4,242.7025,-8.22157,0.9968,0.0
2018-10-16,2018-10-16T16:19:15Z,138397.6,246.1756,-7.495115,0.9968,0.0
2018-10-20,2018-10-20T19:46:54Z,134935.96,245.0841,-9.36,0.9968,0.0
2018-10-24,2018-10-24T23:14:32Z,127272.2,236.8452,-13.78473,0.9966198,0.0
2018-10-28,2018-10-29T02:42:10Z,127963.34,235.3961,-13.81,0.9966,0.0
2018-11-02,2018-11-02T06:09:49Z,133124.38,242.5237,-9.306145,0.9926,0.0
2018-11-06,2018-11-06T09:37:27Z,134578.68,242.8425,-9.238244,0.9926,0.0
2018-11-10,2018-11-10T13:05:06Z,134749.02,246.4238,-9.23,0.9926,0.0
2018-11-14,2018-11-14T16:32:44Z,132563.38,240.573,-10.77913,0.9925,0.0
2018-11-18,2018-11-18T20:00:22Z,133423.26,242.8484,-10.06,0.9925,0.0
2018-11-22,2018-11-22T23:28:01Z,129946.72,235.1211,-12.63,0.9923,0.0
2018-11-26,2018-11-27T02:55:39Z,130225.36,236.9957,-12.43247,0.9923827,0.0
2018-12-01,2018-12-01T06:23:17Z,133692.25,244.5518,-9.42,0.9926,0.0
2018-12-05,2018-12-05T09:50:56Z,132048.89,239.761,-11.47,0.9997,0.0
2018-12-09,2018-12-09T13:18:34Z,128369.18,233.8347,-13.95,0.9997,0.0
2018-12-13,2018-12-13T16:46:12Z,127200.75,235.4723,-14.09445,0.9997,0.0
2018-12-17,2018-12-17T20:13:51Z,123879.48,228.2073,-16.23463,0.9997,0.0
2018-12-21,2018-12-21T23:41:29Z,117485.5,215.7859,-20.82246,0.9997,0.0
2018-12-25,2018-12-26T03:09:07Z,113335.09,209.1167,-23.72,0.9997,0.0
2018-12-30,2018-12-30T06:36:46Z,118288.43,221.0834,-19.56,0.9997,0.0
2019-01-03,2019-01-03T10:04:24Z,121657.86,222.1256,-18.47313,0.9993789,0.0
2019-01-07,2019-01-07T13:32:03Z,124204.87,225.8554,-16.75018,0.9994,0.0
2019-01-11,2019-01-11T16:59:41Z,127023.48,231.06,-14.36006,0.9994,0.0
2019-01-15,2019-01-15T20:27:19Z,126696.25,231.3899,-14.73492,0.9994,0.0
2019-01-19,2019-01-19T23:54:58Z,129475.46,237.7795,-12.69,0.9994,0.0
2019-01-23,2019-01-24T03:22:36Z,127486.9,235.0246,-14.14106,0.9994,0.0
2019-01-28,2019-01-28T06:50:14Z,130792.91,237.0347,-11.77359,0.9994,0.0
2019-02-01,2019-02-01T10:17:53Z,133827.04,240.9016,-9.67066,0.9988923,0.03058784
2019-02-05,2019-02-05T13:45:31Z,135203.65,243.0588,-8.78402,0.9971,0.0
2019-02-09,2019-02-09T17:13:09Z,134039.65,241.3579,-9.82,0.9971,0.0
2019-02-13,2019-02-13T20:40:48Z,136136.93,245.1161,-8.48893,0.9971,0.0
2019-02-17,2019-02-18T00:08:26Z,137517.36,247.5152,-7.34,0.9972,0.0
2019-02-21,2019-02-22T03:36:04Z,137504.19,247.6113,-7.36028,0.9972,0.0
2019-02-26,2019-02-26T07:03:43Z,138515.96,249.4185,-6.541718,0.9972,0.0
2019-03-02,2019-03-02T10:31:21Z,137878.72,250.2369,-7.28,0.9989,0.0
2019-03-06,2019-03-06T13:59:00Z,137101.29,248.4231,-7.991904,0.9989,0.0
2019-03-10,2019-03-10T17:26:38Z,134206.51,244.9184,-9.82,0.9989,0.0
2019-03-14,2019-03-14T20:54:16Z,136812.14,250.9448,-7.691131,0.9989,0.0
2019-03-18,2019-03-19T00:21:55Z,139065.06,252.9127,-6.392982,0.9989,0.0
2019-03-22,2019-03-23T03:49:33Z,138277.98,250.3262,-6.854484,0.9989,0.0
2019-03-27,2019-03-27T07:17:11Z,138174.4,251.7862,-6.578886,0.9989,0.0
2019-03-31,2019-03-31T10:44:50Z,139034.49,253.1856,-6.23,0.9989,0.007512394
2019-04-04,2019-04-04T14:12:28Z,142199.89,257.0067,-4.217561,0.9475276,0.0
2019-04-08,2019-04-08T17:40:06Z,144064.07,258.7564,-2.907352,0.948257,0.0
2019-04-12,2019-04-12T21:07:45Z,142790.75,259.5688,-3.75686,0.9477859,0.0
2019-04-16,2019-04-17T00:35:23Z,142174.32,260.045,-4.27563,0.9474858,0.0
2019-04-21,2019-04-21T04:03:02Z,142294.23,259.9437,-4.14,0.9476,0.0
2019-04-25,2019-04-25T07:30:40Z,142375.36,261.9009,-3.869501,0.9476854,0.0
2019-04-29,2019-04-29T10:58:18Z,141271.1,263.1019,-4.97743,0.9471,0.0
2019-05-03,2019-05-03T14:25:57Z,140783.97,262.0938,-5.758352,0.9945,0.0
2019-05-07,2019-05-07T17:53:35Z,138283.86,259.9161,-6.571504,0.9944421,0.0
2019-05-11,2019-05-11T21:21:13Z,135914.93,258.2228,-8.56,0.9943,0.0
2019-05-15,2019-05-16T00:48:52Z,134538.44,255.3006,-9.486365,0.9943,0.0
2019-05-20,2019-05-20T04:16:30Z,133854.76,256.1778,-9.898484,0.9942989,0.0
2019-05-24,2019-05-24T07:44:08Z,130975.65,252.9702,-11.87019,0.9941156,0.0
2019-05-28,2019-05-28T11:11:47Z,131246.17,252.7477,-11.86987,0.99417,0.0
2019-06-01,2019-06-01T14:39:25Z,126796.27,246.7233,-15.02,0.9939,0.0
2019-06-05,2019-06-05T18:07:03Z,128505.62,252.719,-12.8953,0.9917412,0.0
2019-06-09,2019-06-09T21:34:42Z,130895.44,257.8195,-11.74,0.9919,0.0
2019-06-13,2019-06-14T01:02:20Z,132554.98,259.4177,-10.7924,0.9919877,0.0
2019-06-18,2019-06-18T04:29:59Z,133604.88,259.4176,-11.37752,0.9919021,0.0
2019-06-22,2019-06-22T07:57:37Z,135388.1,264.7922,-8.54,0.9922,0.0
2019-06-26,2019-06-26T11:25:15Z,134248.96,261.7933,-8.961382,0.9921309,0.0
2019-06-30,2019-06-30T14:52:54Z,137785.05,263.8916,-6.87,0.9923,0.01925198
2019-07-04,2019-07-04T18:20:32Z,139668.34,269.1154,-5.83,0.9904,0.0
2019-07-08,2019-07-08T21:48:10Z,139336.27,267.7135,-6.125776,0.9903,0.0
2019-07-12,2019-07-13T01:15:49Z,143233.52,270.644,-3.576555,0.9905886,0.0
2019-07-17,2019-07-17T04:43:27Z,143234.1,269.8815,-3.554788,0.990597,0.0
2019-07-21,2019-07-21T08:11:05Z,143622.52,267.6473,-3.21,0.9906,0.0
2019-07-25,2019-07-25T11:38:44Z,144703.04,271.0799,-1.527767,0.9907681,0.0
2019-07-29,2019-07-29T15:06:22Z,145055.27,271.7772,-2.257766,0.9907,0.0
2019-08-02,2019-08-02T18:34:00Z,139627.1,264.3352,-5.613216,0.9897786,0.0
2019-08-06,2019-08-06T22:01:39Z,135319.94,258.3162,-9.211661,0.9893751,0.0
2019-08-10,2019-08-11T01:29:17Z,135929.76,262.6487,-8.43,0.9894,0.0
2019-08-15,2019-08-15T04:56:56Z,132725.36,255.7223,-11.00514,0.9891,0.0
2019-08-19,2019-08-19T08:24:34Z,135618.56,260.7298,-9.393168,0.9893367,0.0
2019-08-23,2019-08-23T11:52:12Z,133425.2,261.0971,-8.503453,0.9894016,0.0
2019-08-27,2019-08-27T15:19:51Z,132830.7,258.9078,-10.16576,0.9892528,0.0
2019-08-31,2019-08-31T18:47:29Z,137354.96,263.3962,-7.17,0.9896,0.0
2019-09-04,2019-09-04T22:15:07Z,138834.86,264.1165,-6.768525,0.9948761,0.0
2019-09-08,2019-09-09T01:42:46Z,141938.65,268.4399,-4.35,0.995,0.0
2019-09-13,2019-09-13T05:10:24Z,146174.8,271.3492,-1.051688,0.9952,0.0
2019-09-17,2019-09-17T08:38:02Z,147047.51,270.4725,-0.5846139,0.9952,0.0
2019-09-21,2019-09-21T12:05:41Z,146348.19,269.8873,-1.52,0.9951,0.0
2019-09-25,2019-09-25T15:33:19Z,146437.12,268.4691,-1.972227,0.9951,0.0
2019-09-29,2019-09-29T19:00:57Z,144357.39,267.2815,-2.92,0.9951,0.0
2019-10-03,2019-10-03T22:28:36Z,140502.63,262.2841,-5.662683,0.9919,0.0
2019-10-07,2019-10-08T01:56:14Z,140648.16,265.2811,-5.220154,0.9919086,0.0
2019-10-12,2019-10-12T05:23:53Z,142851.2,268.0777,-3.45,0.9921,0.0
2019-10-16,2019-10-16T08:51:31Z,144240.97,270.3423,-2.965884,0.9921,0.0
2019-10-20,2019-10-20T12:19:09Z,143579.28,269.6068,-3.38,0.9921,0.0
2019-10-24,2019-10-24T15:46:48Z,146113.35,271.5526,-1.691507,0.9922491,0.0
2019-10-28,2019-10-28T19:14:26Z,149491.33,273.8681,0.0,0.9924,0.0
2019-11-01,2019-11-01T22:42:04Z,151115.34,276.4378,-0.3466199,0.9985559,0.05560198
2019-11-05,2019-11-06T02:09:43Z,154077.21,277.8408,-0.123445,1.0003,0.0
2019-11-10,2019-11-10T05:37:21Z,153589.14,279.5326,-0.61,1.0003,0.0
2019-11-14,2019-11-14T09:04:59Z,150218.57,279.7467,-2.846389,1.0003,0.0
2019-11-18,2019-11-18T12:32:38Z,150399.88,282.1767,-2.063746,1.0003,0.0
2019-11-22,2019-11-22T16:00:16Z,150300.77,281.0223,-2.670829,1.0003,0.0
2019-11-26,2019-11-26T19:27:54Z,150278.48,283.9281,-2.294502,1.0003,0.0
2019-11-30,2019-11-30T22:55:33Z,148874.4,284.3915,-3.63,1.0003,0.0
2019-12-04,2019-12-05T02:23:11Z,147684.96,281.6245,-4.485226,0.9498347,0.0
2019-12-09,2019-12-09T05:50:50Z,148533.48,284.8666,-3.119769,0.9505894,0.0
2019-12-13,2019-12-13T09:18:28Z,151345.13,286.9739,-1.096928,0.9515462,0.0
2019-12-17,2019-12-17T12:46:06Z,153765.88,289.1079,-0.2917358,0.9519324,0.0
2019-12-21,2019-12-21T16:13:45Z,155552.32,291.6271,0.0,0.9525,0.0
2019-12-25,2019-12-25T19:41:23Z,156873.85,292.0818,0.0,0.9529,0.0
2019-12-29,2019-12-29T23:09:01Z,156465.62,293.5638,-0.45,0.9527,0.0
2020-01-02,2020-01-03T02:36:40Z,157983.78,295.1191,-0.03881839,0.9931309,0.008591664
2020-01-07,2020-01-07T06:04:18Z,157422.96,294.2361,-0.7852623,0.9976,0.0
2020-01-11,2020-01-11T09:31:56Z,156873.25,296.1552,-0.79,0.9976,0.0
2020-01-15,2020-01-15T12:59:35Z,157962.61,297.9615,-0.2298199,0.9976,0.0
2020-01-19,2020-01-19T16:27:13Z,157304.82,301.829,-0.51,0.9976,0.0
2020-01-23,2020-01-23T19:54:51Z,154729.66,301.4891,-2.193215,0.9976,0.0
2020-01-27,2020-01-27T23:22:30Z,148522.34,295.2689,-5.532826,0.9975,0.0
2020-01-31,2020-02-01T02:50:08Z,144845.67,293.0243,-8.159148,0.997409,0.0
2020-02-05,2020-02-05T06:17:47Z,146199.68,299.3879,-7.267117,0.9978054,0.0
2020-02-09,2020-02-09T09:45:25Z,147776.7,302.0563,-6.29,0.9979,0.0
2020-02-13,2020-02-13T13:13:03Z,150908.69,306.6906,-3.867234,0.9979,0.0
2020-02-17,2020-02-17T16:40:42Z,150682.7,306.9663,-4.72,0.9979,0.0
2020-02-21,2020-02-21T20:08:20Z,148778.07,304.3851,-5.427266,0.9979,0.0
2020-02-25,2020-02-25T23:35:58Z,136461.84,286.2792,-13.22245,0.9977225,0.0
2020-02-29,2020-03-01T03:03:37Z,126318.36,269.3775,-20.19,0.9975,0.0
2020-03-05,2020-03-05T06:31:15Z,131962.41,283.8719,-16.34872,0.9473796,0.0
2020-03-09,2020-03-09T09:58:53Z,115286.7,265.2042,-23.05875,0.9426049,0.0
2020-03-13,2020-03-13T13:26:32Z,106125.36,233.184,-36.4622,0.9305852,0.0
2020-03-17,2020-03-17T16:54:10Z,97671.09,224.4166,-39.83648,0.9267516,0.0
2020-03-21,2020-03-21T20:21:48Z,90967.17,209.2617,-42.75,0.9231,0.0
2020-03-25,2020-03-25T23:49:27Z,98781.17,225.1363,-37.55448,0.929452,0.0
2020-03-29,2020-03-30T03:17:05Z,99823.09,231.7793,-36.83,0.9303,0.0
2020-04-03,2020-04-03T06:44:44Z,98018.81,229.9442,-37.15728,0.9914886,0.0
2020-04-07,2020-04-07T10:12:22Z,104501.8,242.3063,-33.36933,0.992,0.0
2020-04-11,2020-04-11T13:40:00Z,111266.94,254.4433,-29.01,0.9925,0.0
2020-04-15,2020-04-15T17:07:39Z,110748.81,256.5392,-28.97447,0.9924906,0.0
2020-04-19,2020-04-19T20:35:17Z,114163.92,262.1625,-27.56,0.9926,0.0
2020-04-23,2020-04-24T00:02:55Z,111665.47,255.2511,-29.57463,0.9923835,0.0
2020-04-27,2020-04-28T03:30:34Z,114599.74,262.4612,-27.49779,0.992598,0.0
2020-05-02,2020-05-02T06:58:12Z,113194.9,258.6413,-28.56,0.9886,0.0
2020-05-06,2020-05-06T10:25:50Z,115160.93,261.2755,-27.33063,0.9887732,0.0
2020-05-10,2020-05-10T13:53:29Z,117892.01,267.4672,-25.15,0.9891,0.0
2020-05-14,2020-05-14T17:21:07Z,114506.72,259.2676,-28.35908,0.9886113,0.0
2020-05-18,2020-05-18T20:48:45Z,118275.36,267.4203,-25.8983,0.9890503,0.0
2020-05-22,2020-05-23T00:16:24Z,118133.81,270.1315,-25.22584,0.9891,0.0
2020-05-26,2020-05-27T03:44:02Z,120492.54,273.5033,-23.76673,0.9892978,0.0
2020-05-31,2020-05-31T07:11:41Z,121188.79,278.3327,-23.22,0.9894,0.02966676
2020-06-04,2020-06-04T10:39:19Z,124038.42,285.3135,-21.34681,0.9853,0.0
2020-06-08,2020-06-08T14:06:57Z,130385.81,293.5582,-17.88237,0.9859265,0.0
2020-06-12,2020-06-12T17:34:36Z,120776.11,276.8022,-24.68098,0.9846566,0.0
2020-06-16,2020-06-16T21:02:14Z,121801.29,284.6668,-23.13782,0.984942,0.0
2020-06-20,2020-06-21T00:29:52Z,119589.44,283.5263,-24.38,0.9847,0.0
2020-06-24,2020-06-25T03:57:31Z,116733.79,279.3591,-26.12702,0.9843007,0.0
2020-06-29,2020-06-29T07:25:09Z,117083.22,276.2124,-27.08626,0.9841427,0.0
2020-07-03,2020-07-03T10:52:47Z,118679.66,286.8242,-24.69,0.987,0.0
2020-07-07,2020-07-07T14:20:26Z,118150.92,289.9577,-24.62565,0.9870138,0.0
2020-07-11,2020-07-11T17:48:04Z,118407.32,291.748,-25.04,0.987,0.0
2020-07-15,2020-07-15T21:15:42Z,121555.1,294.9057,-23.31744,0.9872438,0.0
2020-07-19,2020-07-20T00:43:21Z,122528.94,295.542,-22.44,0.9874,0.0
2020-07-24,2020-07-24T04:10:59Z,124231.36,296.6665,-21.28955,0.9875985,0.0
2020-07-28,2020-07-28T07:38:38Z,122946.63,296.634,-22.28885,0.9874,0.0
2020-08-01,2020-08-01T11:06:16Z,122381.03,299.9514,-22.61,0.9874,0.0
2020-08-05,2020-08-05T14:33:54Z,124205.79,304.0323,-21.28957,0.9926,0.0
2020-08-09,2020-08-09T18:01:33Z,125390.4,307.3464,-20.59,0.9926,0.0
2020-08-13,2020-08-13T21:29:11Z,126439.0,309.5746,-19.6876,0.9927271,0.0
2020-08-17,2020-08-18T00:56:49Z,126707.58,310.2896,-19.79855,0.9927,0.0
2020-08-22,2020-08-22T04:24:28Z,125792.46,311.8569,-20.54,0.9927,0.0
2020-08-26,2020-08-26T07:52:06Z,125997.24,316.6301,-19.89642,0.9927,0.0
2020-08-30,2020-08-30T11:19:44Z,127940.39,322.0537,-18.79,0.9928,0.0
2020-09-03,2020-09-03T14:47:23Z,126640.16,323.5104,-19.17134,0.993555,0.0
2020-09-07,2020-09-07T18:15:01Z,126070.68,314.6954,-20.24,0.9934,0.0
2020-09-11,2020-09-11T21:42:39Z,123926.4,306.837,-21.75647,0.9933,0.0
2020-09-15,2020-09-16T01:10:18Z,125354.77,312.3056,-20.63529,0.9934,0.0
2020-09-20,2020-09-20T04:37:56Z,124927.59,304.9614,-21.02,0.9934,0.0
2020-09-24,2020-09-24T08:05:35Z,121086.45,297.709,-24.16419,0.9931,0.0
2020-09-28,2020-09-28T11:33:13Z,121184.51,304.7756,-22.89028,0.9932315,0.0
2020-10-02,2020-10-02T15:00:51Z,122602.68,309.5005,-22.31082,0.9951,0.0
2020-10-06,2020-10-06T18:28:30Z,123228.97,310.6769,-21.68044,0.9951,0.0
2020-10-10,2020-10-10T21:56:08Z,126519.09,319.9028,-19.8,0.9952,0.0
2020-10-14,2020-10-15T01:23:46Z,126388.27,321.119,-20.00179,0.9952,0.0
2020-10-19,2020-10-19T04:51:25Z,126405.52,320.1348,-20.03785,0.9952,0.0
2020-10-23,2020-10-23T08:19:03Z,126678.2,318.031,-19.87498,0.9952,0.0
2020-10-27,2020-10-27T11:46:41Z,122434.81,312.6727,-22.21947,0.9950676,0.0
2020-10-31,2020-10-31T15:14:20Z,119015.04,301.1707,-24.95,0.9949,0.0
2020-11-04,2020-11-04T18:41:58Z,124155.61,313.8773,-21.71815,0.941085,0.0
2020-11-08,2020-11-08T22:09:36Z,126971.92,322.9557,-19.55,0.9427,0.0
2020-11-12,2020-11-13T01:37:15Z,129239.52,326.218,-18.03484,0.9436986,0.0
2020-11-17,2020-11-17T05:04:53Z,132622.21,334.3954,-14.94207,0.9457986,0.0
2020-11-21,2020-11-21T08:32:32Z,132275.17,327.724,-16.49,0.9448,0.0
2020-11-25,2020-11-25T12:00:10Z,134605.39,334.8503,-14.04215,0.9463833,0.0
2020-11-29,2020-11-29T15:27:48Z,135321.05,335.4161,-14.35,0.9462,0.0
2020-12-03,2020-12-03T18:55:27Z,137280.74,338.2402,-13.13953,0.992258,0.0
2020-12-07,2020-12-07T22:23:05Z,138383.21,340.6082,-12.2384,0.9923276,0.0
2020-12-11,2020-12-12T01:50:43Z,138513.02,337.8939,-12.31583,0.9923,0.0
2020-12-16,2020-12-16T05:18:22Z,137775.22,340.8829,-12.67332,0.9923,0.0
2020-12-20,2020-12-20T08:46:00Z,136752.14,341.9494,-13.6,0.9922,0.0
2020-12-24,2020-12-24T12:13:38Z,135503.27,340.8571,-14.34807,0.9921,0.0
2020-12-28,2020-12-28T15:41:17Z,135669.14,343.0903,-14.2653,0.9921445,0.0
2021-01-01,2021-01-01T19:08:55Z,136760.13,346.3028,-13.38,0.9922,0.0
2021-01-05,2021-01-05T22:36:33Z,137668.62,343.3144,-13.11361,0.9409136,0.0
2021-01-09,2021-01-10T02:04:12Z,139698.31,353.1384,-11.56,0.9419,0.0
2021-01-14,2021-01-14T05:31:50Z,140427.38,351.7496,-11.06855,0.9422155,0.0
2021-01-18,2021-01-18T08:59:29Z,140439.17,347.9885,-11.14,0.9422,0.0
2021-01-22,2021-01-22T12:27:07Z,139702.39,355.5075,-10.87639,0.9423826,0.0
2021-01-26,2021-01-26T15:54:45Z,138938.42,355.7848,-11.94914,0.9417091,0.0
2021-01-30,2021-01-30T19:22:24Z,135445.41,342.7738,-14.53,0.9399,0.0
2021-02-03,2021-02-03T22:50:02Z,138231.22,353.6135,-12.51589,0.9444229,0.0
2021-02-07,2021-02-08T02:17:40Z,140698.2,359.1127,-10.92,0.9454,0.0
2021-02-12,2021-02-12T05:45:19Z,141620.75,361.9477,-10.31804,0.9458063,0.0
2021-02-16,2021-02-16T09:12:57Z,142074.17,363.6237,-9.96581,0.9459824,0.0
2021-02-20,2021-02-20T12:40:35Z,142119.32,361.2615,-10.07,0.9459,0.0
2021-02-24,2021-02-24T16:08:14Z,144123.9,360.7535,-9.162742,0.9464784,0.0
2021-02-28,2021-02-28T19:35:52Z,140517.06,352.3048,-11.35,0.9451,0.3533565
2021-03-04,2021-03-04T23:03:30Z,140224.81,349.9971,-11.10156,0.936299,0.0
2021-03-08,2021-03-09T02:31:09Z,143844.42,353.7474,-8.952379,0.937769,0.0
2021-03-13,2021-03-13T05:58:47Z,146303.57,364.9943,-7.06,0.939,0.0
2021-03-17,2021-03-17T09:26:26Z,148995.62,366.9913,-5.79212,0.939868,0.0
2021-03-21,2021-03-21T12:54:04Z,149310.28,361.9334,-5.54,0.94,0.0
2021-03-25,2021-03-25T16:21:42Z,149433.48,361.1555,-5.657611,0.9399545,0.0
2021-03-29,2021-03-29T19:49:21Z,152762.63,367.8512,-3.235625,0.9414319,0.0
2021-04-02,2021-04-02T23:16:59Z,151833.36,372.2763,-3.96,1.0017,0.0
2021-04-06,2021-04-07T02:44:37Z,153254.36,377.4083,-2.994298,1.001695,0.0
2021-04-11,2021-04-11T06:12:16Z,154547.61,382.3868,-2.02,1.0016,0.0
2021-04-15,2021-04-15T09:39:54Z,154545.36,383.3191,-1.832321,1.0016,0.0
2021-04-19,2021-04-19T13:07:32Z,157935.24,387.0243,-0.2909604,1.0016,0.0
2021-04-23,2021-04-23T16:35:11Z,155535.1,385.29,-1.816579,1.0016,0.0
2021-04-27,2021-04-27T20:02:49Z,153776.39,388.018,-2.597688,1.0016,0.0
2021-05-01,2021-05-01T23:30:27Z,154413.58,387.7858,-2.26,1.0016,0.0
2021-05-05,2021-05-06T02:58:06Z,157367.76,386.3403,-0.4110608,0.9949,0.0
2021-05-10,2021-05-10T06:25:44Z,159709.2,391.8718,0.0,0.995,0.0
2021-05-14,2021-05-14T09:53:23Z,160068.93,382.699,-0.8570473,0.995,0.0
2021-05-18,2021-05-18T13:21:01Z,160397.35,384.8356,-0.2064884,0.995,0.0
2021-05-22,2021-05-22T16:48:39Z,160743.32,385.5927,-0.02,0.995,0.0
2021-05-26,2021-05-26T20:16:18Z,160547.13,389.1822,-0.4877989,0.995,0.0
2021-05-30,2021-05-30T23:43:56Z,160590.74,390.332,-0.48,0.995,0.0
2021-06-03,2021-06-04T03:11:34Z,161143.5,389.2006,-0.1477334,0.9897,0.0
2021-06-08,2021-06-08T06:39:13Z,161069.59,392.3392,-0.4809111,0.9897,0.0
2021-06-12,2021-06-12T10:06:51Z,161016.38,394.3,-0.83,0.9897,0.0
2021-06-16,2021-06-16T13:34:29Z,159362.53,393.5793,-1.453,0.9896601,0.0
2021-06-20,2021-06-20T17:02:08Z,156800.21,386.8355,-3.61,0.9894,0.0
2021-06-24,2021-06-24T20:29:46Z,158510.69,395.5977,-2.429453,0.9895,0.0
2021-06-28,2021-06-28T23:57:24Z,159869.26,398.4009,-1.538746,0.9896,0.0
2021-07-02,2021-07-03T03:25:03Z,161587.47,404.2886,-0.4809196,0.9827976,0.0
2021-07-07,2021-07-07T06:52:41Z,160846.84,403.7975,-0.923228,0.982712,0.0
2021-07-11,2021-07-11T10:20:20Z,161794.69,406.0411,-0.23,0.9828,0.0
2021-07-15,2021-07-15T13:47:58Z,161624.96,406.1452,-0.4028357,0.9828,0.0
2021-07-19,2021-07-19T17:15:36Z,159193.52,398.8628,-1.693834,0.9825895,0.0
2021-07-23,2021-07-23T20:43:15Z,162117.3,408.8952,-0.1425491,0.9828697,0.0
2021-07-27,2021-07-28T00:10:53Z,162407.29,409.5931,-0.02704735,0.9828841,0.0
2021-07-31,2021-08-01T03:38:31Z,162596.56,408.8287,-0.24,0.9829,0.0
2021-08-05,2021-08-05T07:06:10Z,161951.87,409.602,-0.9150928,0.9331129,0.0
2021-08-09,2021-08-09T10:33:48Z,162066.23,412.4476,-0.7137568,0.9332453,0.0
2021-08-13,2021-08-13T14:01:26Z,162666.29,415.2974,-0.5830514,0.9332835,0.0
2021-08-17,2021-08-17T17:29:05Z,162906.79,415.1812,-0.2191284,0.9335876,0.0
2021-08-21,2021-08-21T20:56:43Z,163673.17,413.3505,0.0,0.9338,0.0
2021-08-25,2021-08-26T00:24:21Z,164377.02,418.3936,-0.0239591,0.934085,0.0
2021-08-29,2021-08-30T03:52:00Z,164358.13,419.7741,-0.03,0.9341,0.0
2021-09-03,2021-09-03T07:19:38Z,165719.38,422.5009,-0.01525079,0.9929,0.0
2021-09-07,2021-09-07T10:47:17Z,164887.24,421.9854,-0.3419267,0.9928717,0.0
2021-09-11,2021-09-11T14:14:55Z,162760.78,415.2897,-2.25,0.9927,0.0
2021-09-15,2021-09-15T17:42:33Z,163451.81,416.0814,-2.043077,0.9927571,0.0
2021-09-19,2021-09-19T21:10:12Z,163281.16,412.8416,-1.76,0.9927,0.0
2021-09-23,2021-09-24T00:37:50Z,161828.63,413.808,-2.734405,0.992686,0.0
2021-09-28,2021-09-28T04:05:28Z,160417.36,413.9696,-2.444721,0.9926996,0.0
2021-10-02,2021-10-02T07:33:07Z,158726.1,406.1449,-4.71,0.9921,0.0
2021-10-06,2021-10-06T11:00:45Z,158691.69,405.5705,-4.668185,0.9921,0.0
2021-10-10,2021-10-10T14:28:23Z,159415.58,409.5307,-4.01,0.9922,0.0
2021-10-14,2021-10-14T17:56:02Z,161715.9,410.999,-3.202679,0.9922581,0.0
2021-10-18,2021-10-18T21:23:40Z,163052.01,417.9172,-1.81523,0.9924,0.0
2021-10-22,2021-10-23T00:51:18Z,166594.9,423.861,-0.3388987,0.9925,0.0
2021-10-27,2021-10-27T04:18:57Z,165911.5,426.4347,-0.9314535,0.9924987,0.0
2021-10-31,2021-10-31T07:46:35Z,165531.49,429.5368,-1.14,0.9925,0.006614514
2021-11-04,2021-11-04T11:14:14Z,166422.45,435.2705,-0.2164969,0.9406397,0.0
2021-11-08,2021-11-08T14:41:52Z,166587.5,438.3675,-0.3972656,0.9405404,0.0
2021-11-12,2021-11-12T18:09:30Z,167730.01,435.5591,-0.1852076,0.9407741,0.0
2021-11-16,2021-11-16T21:37:09Z,168210.95,438.3857,0.0,0.9410692,0.0
2021-11-20,2021-11-21T01:04:47Z,165767.21,438.5531,-1.53,0.9402,0.0
2021-11-24,2021-11-25T04:32:25Z,166164.09,439.0451,-1.230574,0.9403981,0.0
2021-11-29,2021-11-29T08:00:04Z,165192.34,429.9334,-2.472469,0.9396375,0.0
2021-12-03,2021-12-03T11:27:42Z,163710.06,426.8042,-3.305761,0.9977,0.0
2021-12-07,2021-12-07T14:55:20Z,166779.32,432.7762,-1.128293,0.9977,0.0
2021-12-11,2021-12-11T18:22:59Z,168855.22,440.2834,0.0,0.9977,0.0
2021-12-15,2021-12-15T21:50:37Z,170084.08,438.1333,-0.1520689,0.9977702,0.0
2021-12-19,2021-12-20T01:18:15Z,169109.05,431.6281,-0.65,0.9977,0.0
2021-12-23,2021-12-24T04:45:54Z,171685.22,441.6725,0.0,0.9978,0.0
2021-12-28,2021-12-28T08:13:32Z,172887.86,447.901,0.0,0.9978,0.0
2022-01-01,2022-01-01T11:41:11Z,173858.52,445.7914,-0.37,0.9978,0.0
2022-01-05,2022-01-05T15:08:49Z,175407.66,444.5835,-0.3001848,0.9933577,0.0
2022-01-09,2022-01-09T18:36:27Z,175859.88,437.4662,-0.58,0.9934,0.0
2022-01-13,2022-01-13T22:04:06Z,175550.85,437.7613,-0.7309012,0.9933289,0.0
2022-01-17,2022-01-18T01:31:44Z,175607.27,436.1803,-0.73,0.9933,0.0
2022-01-21,2022-01-22T04:59:22Z,166709.25,411.086,-5.759318,0.993,0.0
2022-01-26,2022-01-26T08:27:01Z,165629.57,407.6409,-6.516386,0.9929,0.0
2022-01-30,2022-01-30T11:54:39Z,165445.36,414.8087,-6.49,0.9929,0.0
2022-02-03,2022-02-03T15:22:17Z,166150.97,424.9026,-5.203657,0.9887136,0.0
2022-02-07,2022-02-07T18:49:56Z,164818.05,420.3652,-6.81985,0.9885424,0.0
2022-02-11,2022-02-11T22:17:34Z,164907.52,415.7341,-6.591146,0.9885279,0.0
2022-02-15,2022-02-16T01:45:12Z,166108.48,417.8049,-6.230144,0.9885865,0.0
2022-02-20,2022-02-20T05:12:51Z,163133.27,407.5628,-8.21,0.9884,0.0
2022-02-24,2022-02-24T08:40:29Z,159647.37,396.9495,-10.5765,0.9881,0.0
2022-02-28,2022-02-28T12:08:08Z,162590.38,410.5541,-7.776483,0.9884,0.04559351
2022-03-04,2022-03-04T15:35:46Z,164644.94,407.4849,-6.491661,0.9920558,0.0
2022-03-08,2022-03-08T19:03:24Z,160079.41,391.9236,-9.629424,0.9917414,0.0
2022-03-12,2022-03-12T22:31:03Z,159583.71,394.2724,-9.79,0.9917,0.0
2022-03-16,2022-03-17T01:58:41Z,164464.84,408.1202,-7.093834,0.9919916,0.0
2022-03-21,2022-03-21T05:26:19Z,166545.27,418.5097,-5.628201,0.9921,0.0
2022-03-25,2022-03-25T08:53:58Z,168384.37,424.5606,-4.938341,0.9922,0.0
2022-03-29,2022-03-29T12:21:36Z,169137.37,431.0904,-3.996374,0.9922348,0.0
2022-04-02,2022-04-02T15:49:14Z,166945.19,426.4256,-5.79,0.9981,0.0
2022-04-06,2022-04-06T19:16:53Z,165500.79,421.9425,-6.553593,0.9981,0.0
2022-04-10,2022-04-10T22:44:31Z,166494.82,421.3886,-5.85,0.9981,0.0
2022-04-14,2022-04-15T02:12:09Z,166517.4,412.5699,-5.837051,0.9981,0.0
2022-04-19,2022-04-19T05:39:48Z,166564.92,412.8116,-5.738113,0.9981,0.0
2022-04-23,2022-04-23T09:07:26Z,161562.26,401.118,-9.26,0.998,0.0
2022-04-27,2022-04-27T12:35:05Z,157534.47,392.1535,-11.11585,0.998,0.0
2022-05-01,2022-05-01T16:02:43Z,154906.05,387.8993,-12.6,0.9979,0.04054847
2022-05-05,2022-05-05T19:30:21Z,157395.0,394.6849,-10.07662,0.9931708,0.0
2022-05-09,2022-05-09T22:58:00Z,153797.5,377.4788,-12.83187,0.992921,0.0
2022-05-13,2022-05-14T02:25:38Z,155645.47,377.642,-12.10615,0.9929934,0.0
2022-05-18,2022-05-18T05:53:16Z,152312.77,383.2155,-10.57097,0.9930764,0.0
2022-05-22,2022-05-22T09:20:55Z,149684.19,366.8379,-15.64,0.9927,0.0
2022-05-26,2022-05-26T12:48:33Z,152642.98,376.8691,-13.1541,0.9929367,0.0
2022-05-30,2022-05-30T16:16:11Z,157713.78,390.9686,-10.51,0.9931,0.0
2022-06-03,2022-06-03T19:43:50Z,155524.55,388.7469,-11.83032,0.9965345,0.0
2022-06-07,2022-06-07T23:11:28Z,156111.89,390.6754,-11.85422,0.99658,0.0
2022-06-11,2022-06-12T02:39:07Z,147131.83,366.9979,-16.9,0.9963,0.0
2022-06-16,2022-06-16T06:06:45Z,143709.5,355.9779,-19.14767,0.9962824,0.0
2022-06-20,2022-06-20T09:34:23Z,139701.2,345.9462,-21.46,0.9961,0.0
2022-06-24,2022-06-24T13:02:02Z,145309.57,361.7604,-18.7652,0.9962376,0.0
2022-06-28,2022-06-28T16:29:40Z,143861.1,363.5304,-18.19447,0.9963,0.0
2022-07-02,2022-07-02T19:57:18Z,142326.3,360.4891,-19.61,0.9855,0.0
2022-07-06,2022-07-06T23:24:57Z,142034.73,362.1567,-19.69899,0.9855,0.0
2022-07-10,2022-07-11T02:52:35Z,144235.68,367.5147,-18.45,0.9857,0.0
2022-07-15,2022-07-15T06:20:13Z,143885.99,358.0051,-20.22639,0.9854292,0.0
2022-07-19,2022-07-19T09:47:52Z,146567.34,363.5178,-18.6078,0.9856966,0.0
2022-07-23,2022-07-23T13:15:30Z,148503.19,373.5852,-15.92,0.9862,0.0
2022-07-27,2022-07-27T16:43:08Z,150607.52,374.7002,-15.40625,0.986206,0.0
2022-07-31,2022-07-31T20:10:47Z,153539.88,389.5653,-13.07,0.9866,0.1136254
2022-08-04,2022-08-04T23:38:25Z,156308.58,391.6748,-11.56637,0.9904,0.0
2022-08-08,2022-08-09T03:06:04Z,156615.27,390.5279,-11.47861,0.9904963,0.0
2022-08-13,2022-08-13T06:33:42Z,160429.18,403.8529,-8.84,0.9907,0.0
2022-08-17,2022-08-17T10:01:20Z,160637.28,405.5877,-8.291235,0.9907749,0.0
2022-08-21,2022-08-21T13:28:59Z,159861.37,399.1629,-9.7,0.9906,0.0
2022-08-25,2022-08-25T16:56:37Z,159341.87,394.1321,-10.67405,0.9905079,0.0
2022-08-29,2022-08-29T20:24:15Z,153694.37,381.5168,-13.2824,0.9902316,0.0
2022-09-02,2022-09-02T23:51:54Z,149863.03,371.5713,-15.22355,0.9951,0.0
2022-09-06,2022-09-07T03:19:32Z,148344.87,369.5302,-16.12809,0.9950028,0.0
2022-09-11,2022-09-11T06:47:10Z,155360.31,384.4687,-11.33,0.9953,0.0
2022-09-15,2022-09-15T10:14:49Z,151601.67,372.0193,-14.48904,0.9951,0.0
2022-09-19,2022-09-19T13:42:27Z,152063.18,367.2202,-14.36113,0.9951,0.0
2022-09-23,2022-09-23T17:10:05Z,144126.53,352.0388,-18.42851,0.9948451,0.0
2022-09-27,2022-09-27T20:37:44Z,141159.78,345.2842,-20.30307,0.9948,0.0
2022-10-01,2022-10-02T00:05:22Z,139120.68,339.1264,-21.4,0.9947,0.0
2022-10-05,2022-10-06T03:33:01Z,148008.97,358.0457,-16.30888,0.9878019,0.0
2022-10-10,2022-10-10T07:00:39Z,143242.05,344.1229,-19.2752,0.9873875,0.0
2022-10-14,2022-10-14T10:28:17Z,144823.07,345.3369,-18.62391,0.9875191,0.0
2022-10-18,2022-10-18T13:55:56Z,144261.03,349.9726,-18.13134,0.9875414,0.0
2022-10-22,2022-10-22T17:23:34Z,148996.15,355.3715,-15.49,0.988,0.0
2022-10-26,2022-10-26T20:51:12Z,154456.8,363.5307,-12.72501,0.9883702,0.0
2022-10-30,2022-10-31T00:18:51Z,158272.41,369.357,-10.46,0.9886,0.0
2022-11-03,2022-11-04T03:46:29Z,153357.18,352.2917,-13.31747,0.9894,0.0
2022-11-08,2022-11-08T07:14:07Z,157956.41,360.9268,-10.92896,0.9897093,0.0
2022-11-12,2022-11-12T10:41:46Z,163736.63,378.3674,-6.81,0.9901,0.0
2022-11-16,2022-11-16T14:09:24Z,163907.76,377.2471,-6.497565,0.9901618,0.0
2022-11-20,2022-11-20T17:37:02Z,163767.64,376.0127,-7.42,0.9901,0.0
2022-11-24,2022-11-24T21:04:41Z,166387.29,382.0797,-5.81,0.9902,0.0
2022-11-28,2022-11-29T00:32:19Z,164480.83,377.0319,-6.834636,0.9901186,0.0
2022-12-02,2022-12-03T03:59:58Z,169692.1,386.3614,-4.060005,0.9891,0.0
2022-12-07,2022-12-07T07:27:36Z,166623.42,373.8587,-6.505148,0.9888,0.0
2022-12-11,2022-12-11T10:55:14Z,165981.9,373.4017,-6.17,0.9888,0.0
2022-12-15,2022-12-15T14:22:53Z,168162.89,375.5864,-5.969777,0.9888827,0.0
2022-12-19,2022-12-19T17:50:31Z,161788.62,363.9104,-8.657105,0.9885465,0.0
2022-12-23,2022-12-23T21:18:09Z,161391.03,364.5557,-8.846216,0.9885,0.0
2022-12-27,2022-12-28T00:45:48Z,161460.43,364.0397,-8.73353,0.9885,0.0
2022-12-31,2023-01-01T04:13:26Z,162013.68,364.7679,-8.42,0.9886,0.0
2023-01-05,2023-01-05T07:41:04Z,164666.86,365.5691,-6.832373,0.9906,0.0
2023-01-09,2023-01-09T11:08:43Z,166683.46,370.1032,-4.821178,0.9908744,0.0
2023-01-13,2023-01-13T14:36:21Z,169732.82,379.2147,-3.730025,0.9909,0.0
2023-01-17,2023-01-17T18:03:59Z,168593.04,379.7166,-4.350779,0.9908456,0.0
2023-01-21,2023-01-21T21:31:38Z,166992.47,377.5967,-5.67,0.9908,0.0
2023-01-25,2023-01-26T00:59:16Z,169515.12,381.8363,-4.24039,0.9908833,0.0
2023-01-29,2023-01-30T04:26:55Z,169529.39,386.9441,-4.17,0.9909,0.0
2023-02-03,2023-02-03T07:54:33Z,169661.21,397.0192,-3.034253,0.9843758,0.0
2023-02-07,2023-02-07T11:22:11Z,170857.55,392.2593,-4.335148,0.9841796,0.0
2023-02-11,2023-02-11T14:49:50Z,169880.59,389.1951,-4.09,0.9842,0.0
2023-02-15,2023-02-15T18:17:28Z,170535.83,394.2904,-3.477532,0.9843,0.0
2023-02-19,2023-02-19T21:45:06Z,168846.57,388.4511,-4.64,0.9841,0.0
2023-02-23,2023-02-24T01:12:45Z,165374.81,381.8368,-6.629984,0.9838,0.0
2023-02-27,2023-02-28T04:40:23Z,164008.11,379.3437,-7.291089,0.9837,0.0
2023-03-04,2023-03-04T08:08:01Z,166722.76,385.5229,-5.43,1.0061,0.0
2023-03-08,2023-03-08T11:35:40Z,163910.65,380.0467,-7.424505,1.0063,0.0
2023-03-12,2023-03-12T15:03:18Z,159538.25,368.0871,-10.14,1.0065,0.0
2023-03-16,2023-03-16T18:30:56Z,157105.59,375.2417,-11.87905,1.006579,0.0
2023-03-20,2023-03-20T21:58:35Z,157847.69,376.0879,-11.13404,1.006525,0.0
2023-03-24,2023-03-25T01:26:13Z,158251.42,378.6497,-10.55495,1.0065,0.0
2023-03-29,2023-03-29T04:53:52Z,162390.28,378.9758,-8.939872,1.006396,0.0
2023-04-02,2023-04-02T08:21:30Z,165358.58,391.9732,-6.24,1.0062,0.02213707
2023-04-06,2023-04-06T11:49:08Z,166437.82,390.7554,-6.128284,0.9971,0.0
2023-04-10,2023-04-10T15:16:47Z,167033.74,391.9707,-6.091209,0.997147,0.0
2023-04-14,2023-04-14T18:44:25Z,168810.43,395.2857,-4.415986,0.9972,0.0
2023-04-18,2023-04-18T22:12:03Z,167906.39,396.5256,-5.132416,0.9972,0.0
2023-04-22,2023-04-23T01:39:42Z,164564.65,394.6637,-7.02,0.9971,0.0
2023-04-27,2023-04-27T05:07:20Z,161739.45,387.5176,-8.680069,0.9971,0.0
2023-05-01,2023-05-01T08:34:58Z,164548.17,398.1582,-6.973571,0.9971191,0.1301248
2023-05-05,2023-05-05T12:02:37Z,156437.45,390.3011,-11.10359,0.9451687,0.0
2023-05-09,2023-05-09T15:30:15Z,158562.03,394.35,-10.1167,0.9457521,0.0
2023-05-13,2023-05-13T18:57:53Z,157548.77,394.0796,-11.02,0.9452,0.0
2023-05-17,2023-05-17T22:25:32Z,158390.83,396.4572,-10.75749,0.945391,0.0
2023-05-21,2023-05-22T01:53:10Z,160468.41,400.8105,-9.27,0.9463,0.0
2023-05-26,2023-05-26T05:20:49Z,161287.12,397.298,-10.2402,0.9457505,0.0
2023-05-30,2023-05-30T08:48:27Z,160805.14,402.1817,-8.822146,0.9465399,0.0
2023-06-03,2023-06-03T12:16:05Z,163557.11,409.7149,-7.22,0.9899,0.0
2023-06-07,2023-06-07T15:43:44Z,165686.78,409.1277,-6.813327,0.9899489,0.0
2023-06-11,2023-06-11T19:11:22Z,166394.13,411.6106,-5.91,0.99,0.0
2023-06-15,2023-06-15T22:39:00Z,170458.99,422.6135,-3.732906,0.9902777,0.0
2023-06-19,2023-06-20T02:06:39Z,170234.49,422.3273,-3.78,0.9903,0.0
2023-06-24,2023-06-24T05:34:17Z,166611.66,416.3209,-6.29,0.99,0.0
2023-06-28,2023-06-28T09:01:55Z,167966.71,419.2098,-4.939678,0.990121,0.0
2023-07-02,2023-07-02T12:29:34Z,170363.95,425.9983,-3.5,0.9903,0.01177002
2023-07-06,2023-07-06T15:57:12Z,167405.85,424.1933,-4.811806,0.9936502,0.0
2023-07-10,2023-07-10T19:24:50Z,169067.09,422.1379,-4.535377,0.9936642,0.0
2023-07-14,2023-07-14T22:52:29Z,171479.69,431.8219,-2.794994,0.9937214,0.0
2023-07-18,2023-07-19T02:20:07Z,173183.19,436.2597,-2.163515,0.9937931,0.0
2023-07-23,2023-07-23T05:47:46Z,174769.39,434.5514,-1.01,0.9939,0.0
2023-07-27,2023-07-27T09:15:24Z,176653.85,437.1158,-0.4841845,0.9939781,0.0
2023-07-31,2023-07-31T12:43:02Z,177954.25,439.4103,-0.184664,0.994,0.01820888
2023-08-04,2023-08-04T16:10:41Z,177297.65,430.3517,-1.396707,0.9878493,0.0
2023-08-08,2023-08-08T19:38:19Z,177748.2,431.9113,-1.131226,0.9879,0.0
2023-08-12,2023-08-12T23:05:57Z,178612.04,428.2759,-0.71,0.9879,0.0
2023-08-16,2023-08-17T02:33:36Z,174367.82,422.6876,-3.079603,0.987606,0.0
2023-08-21,2023-08-21T06:01:14Z,174462.05,419.7125,-3.11158,0.9876,0.0
2023-08-25,2023-08-25T09:28:52Z,174048.87,420.5335,-3.823829,0.9875228,0.0
2023-08-29,2023-08-29T12:56:31Z,175492.63,427.7902,-2.065059,0.9877373,0.0
2023-09-02,2023-09-02T16:24:09Z,179476.43,433.6,0.0,0.995,0.0
2023-09-06,2023-09-06T19:51:47Z,179669.56,429.8077,-0.1850725,0.995,0.0
2023-09-10,2023-09-10T23:19:26Z,178937.2,428.151,-0.69,0.995,0.0
2023-09-14,2023-09-15T02:47:04Z,180379.75,432.6149,-0.03899185,0.995,0.0
2023-09-19,2023-09-19T06:14:43Z,178249.43,427.7557,-0.7620375,0.9949906,0.0
2023-09-23,2023-09-23T09:42:21Z,174791.78,415.0989,-3.5,0.9948,0.0
2023-09-27,2023-09-27T13:09:59Z,173637.43,410.7831,-3.475001,0.9948,0.0
2023-10-01,2023-10-01T16:37:38Z,174153.69,412.2636,-3.43,0.9948,0.02870595
2023-10-05,2023-10-05T20:05:16Z,169957.28,409.4405,-5.947253,0.9884,0.0
2023-10-09,2023-10-09T23:32:54Z,173815.5,416.4104,-3.828615,0.9886629,0.0
2023-10-13,2023-10-14T03:00:33Z,173651.0,416.2265,-3.747431,0.9887,0.0
2023-10-18,2023-10-18T06:28:11Z,174788.33,419.923,-2.476602,0.9888,0.0
2023-10-22,2023-10-22T09:55:49Z,173472.15,406.1974,-4.04,0.9886,0.0
2023-10-26,2023-10-26T13:23:28Z,171337.7,400.8002,-4.889563,0.9885609,0.0
2023-10-30,2023-10-30T16:51:06Z,170519.04,398.5973,-5.900184,0.9884535,0.0
2023-11-03,2023-11-03T20:18:44Z,175497.7,418.0029,-2.486016,0.9896,0.0
2023-11-07,2023-11-07T23:46:23Z,172862.64,421.1168,-3.978169,0.9894218,0.0
2023-11-11,2023-11-12T03:14:01Z,172760.11,424.9262,-4.23,0.9894,0.0
2023-11-16,2023-11-16T06:41:40Z,173879.87,433.7107,-2.670719,0.9894929,0.0
2023-11-20,2023-11-20T10:09:18Z,176192.82,435.4626,-2.411193,0.9896,0.0
2023-11-24,2023-11-24T13:36:56Z,177315.74,438.9202,-1.813072,0.9896,0.0
2023-11-28,2023-11-28T17:04:35Z,177247.09,438.5208,-1.804713,0.9896,0.0
2023-12-02,2023-12-02T20:32:13Z,178884.03,442.758,-0.75,0.9879,0.0
2023-12-06,2023-12-06T23:59:51Z,175333.74,438.9424,-2.759512,0.9877208,0.0
2023-12-10,2023-12-11T03:27:30Z,176254.25,443.8189,-2.29,0.9878,0.0
2023-12-15,2023-12-15T06:55:08Z,181441.05,455.1486,-0.04957616,0.9881,0.0
2023-12-19,2023-12-19T10:22:46Z,183507.72,457.6383,-0.007758445,0.9881448,0.0
2023-12-23,2023-12-23T13:50:25Z,183454.0,458.6422,-0.25,0.9882,0.0
2023-12-27,2023-12-27T17:18:03Z,184340.48,461.0056,-0.05125434,0.9883,0.0
2023-12-31,2023-12-31T20:45:41Z,183533.41,460.2496,-0.66,0.9882,0.0
2024-01-04,2024-01-05T00:13:20Z,184009.68,452.7651,-0.7288475,0.9882199,0.0
2024-01-08,2024-01-09T03:40:58Z,184959.84,459.2071,-0.4253649,0.9882945,0.0
2024-01-13,2024-01-13T07:08:37Z,183535.05,461.5762,-1.35,0.9881,0.0
2024-01-17,2024-01-17T10:36:15Z,180090.58,459.2847,-2.824475,0.9879766,0.0
2024-01-21,2024-01-21T14:03:53Z,180129.59,467.144,-2.94,0.9879,0.0
2024-01-25,2024-01-25T17:31:32Z,184109.57,471.3443,-1.135033,0.9881522,0.0
2024-01-29,2024-01-29T20:59:10Z,185658.06,474.4559,-0.07012004,0.9883,0.0
2024-02-02,2024-02-03T00:26:48Z,186368.99,477.7402,-0.2239549,0.9924,0.0
2024-02-06,2024-02-07T03:54:27Z,185882.72,478.265,-0.5632137,0.9924,0.0
2024-02-11,2024-02-11T07:22:05Z,185290.43,485.3192,-0.92,0.9924,0.0
2024-02-15,2024-02-15T10:49:43Z,187444.76,483.5816,-0.4618488,0.9924243,0.0
2024-02-19,2024-02-19T14:17:22Z,187949.17,483.6828,-0.02,0.9925,0.0
2024-02-23,2024-02-23T17:45:00Z,189138.3,491.5996,0.0,0.9925,0.0
2024-02-27,2024-02-27T21:12:38Z,188581.25,490.5723,-0.4002636,0.9925,0.0
2024-03-02,2024-03-03T00:40:17Z,189220.55,496.6001,-0.02,0.999,0.0
2024-03-06,2024-03-07T04:07:55Z,189910.91,493.5083,-0.006147095,0.999,0.0
2024-03-11,2024-03-11T07:35:34Z,191656.75,495.4421,0.0,0.999,0.0
2024-03-15,2024-03-15T11:03:12Z,195927.58,497.6273,0.0,0.9991,0.0
2024-03-19,2024-03-19T14:30:50Z,199070.44,499.3655,0.0,0.9991,0.0
2024-03-23,2024-03-23T17:58:29Z,200227.54,506.2633,-0.18,0.9991,0.0
2024-03-27,2024-03-27T21:26:07Z,202737.22,507.0087,-0.09846826,0.9991,0.0
2024-03-31,2024-04-01T00:53:45Z,204133.87,508.0699,0.0,0.9991,0.01690878
2024-04-05,2024-04-05T04:21:24Z,206515.2,498.4341,-0.3645,0.9964,0.0
2024-04-09,2024-04-09T07:49:02Z,206294.8,503.9374,-0.4915765,0.9964,0.0
2024-04-13,2024-04-13T11:16:40Z,202133.2,496.2004,-2.75,0.9963,0.0
2024-04-17,2024-04-17T14:44:19Z,199226.66,487.7951,-4.05946,0.9962,0.0
2024-04-21,2024-04-21T18:11:57Z,199517.51,480.9603,-3.62,0.9963,0.0
2024-04-25,2024-04-25T21:39:35Z,201959.62,489.5441,-2.452833,0.9963,0.0
2024-04-29,2024-04-30T01:07:14Z,202670.76,495.2232,-2.209181,0.9963,0.0
2024-05-04,2024-05-04T04:34:52Z,197789.94,496.6277,-5.06,1.0028,0.0
2024-05-08,2024-05-08T08:02:31Z,198711.6,502.3182,-3.838211,1.0027,0.0
2024-05-12,2024-05-12T11:30:09Z,200597.81,505.9039,-3.0,1.0027,0.0
2024-05-16,2024-05-16T14:57:47Z,200845.09,514.1039,-2.764698,1.0027,0.0
2024-05-20,2024-05-20T18:25:26Z,201707.24,514.6231,-2.44227,1.0027,0.0
2024-05-24,2024-05-24T21:53:04Z,199049.65,513.3959,-4.031154,1.002725,0.0
2024-05-28,2024-05-29T01:20:42Z,198345.92,514.5768,-4.20124,1.002789,0.0
2024-06-02,2024-06-02T04:48:21Z,200963.02,512.2466,-2.65,1.0027,0.001800277
2024-06-06,2024-06-06T08:15:59Z,199920.43,519.3356,-3.776889,0.9923,0.0
2024-06-10,2024-06-10T11:43:37Z,199020.37,519.2122,-4.028144,0.9923,0.0
2024-06-14,2024-06-14T15:11:16Z,196992.3,527.0436,-5.036015,0.9922,0.0
2024-06-18,2024-06-18T18:38:54Z,197228.16,532.2349,-4.796239,0.9922,0.0
2024-06-22,2024-06-22T22:06:32Z,199632.09,530.6014,-3.53,0.9923,0.0
2024-06-26,2024-06-27T01:34:11Z,201172.18,531.5087,-2.822786,0.9924,0.0
2024-07-01,2024-07-01T05:01:49Z,200098.17,530.3657,-3.145887,0.9921798,0.01671598
2024-07-05,2024-07-05T08:29:28Z,199003.99,537.9537,-3.684853,0.9894,0.0
2024-07-09,2024-07-09T11:57:06Z,198022.68,541.2706,-4.276145,0.9893669,0.0
2024-07-13,2024-07-13T15:24:44Z,201308.86,545.686,-2.54,0.9896,0.0
2024-07-17,2024-07-17T18:52:23Z,206035.14,545.6488,-0.6688776,0.989762,0.0
2024-07-21,2024-07-21T22:20:01Z,204693.72,534.9669,-1.21,0.9897,0.0
2024-07-25,2024-07-26T01:47:39Z,203858.01,524.9097,-1.615949,0.9896908,0.0
2024-07-30,2024-07-30T05:15:18Z,204540.97,530.7044,-1.161301,0.9897052,0.0
2024-08-03,2024-08-03T08:42:56Z,202955.49,519.2879,-2.17,0.9949,0.0
2024-08-07,2024-08-07T12:10:34Z,200287.46,507.6539,-3.523186,0.9948,0.0
2024-08-11,2024-08-11T15:38:13Z,202334.37,519.3756,-2.12,0.9949,0.0
2024-08-15,2024-08-15T19:05:51Z,205236.8,535.5739,-1.011104,0.9949,0.0
2024-08-19,2024-08-19T22:33:29Z,207326.02,544.1447,-0.05668364,0.995,0.0
2024-08-23,2024-08-24T02:01:08Z,207773.07,547.2959,-0.07015952,0.9949917,0.0
2024-08-28,2024-08-28T05:28:46Z,207515.8,547.02,-0.7644512,0.995,0.0
2024-09-01,2024-09-01T08:56:25Z,209746.97,549.2817,0.0,0.9951,0.0
2024-09-05,2024-09-05T12:24:03Z,207353.92,536.4198,-1.173032,0.94906,0.0
2024-09-09,2024-09-09T15:51:41Z,206570.94,529.4711,-2.154151,0.9484977,0.0
2024-09-13,2024-09-13T19:19:20Z,208127.72,546.6255,-1.256488,0.9489554,0.0
2024-09-17,2024-09-17T22:46:58Z,209697.49,548.6386,-0.2760852,0.9494783,0.0
2024-09-21,2024-09-22T02:14:36Z,210325.95,555.433,-0.14,0.9496,0.0
2024-09-26,2024-09-26T05:42:15Z,210044.79,557.3395,-0.8897662,0.9495787,0.0
2024-09-30,2024-09-30T09:09:53Z,211789.02,559.062,-0.1805029,0.949943,0.08260931
2024-10-04,2024-10-04T12:37:31Z,217150.07,556.8253,0.0,0.9911359,0.0
2024-10-08,2024-10-08T16:05:10Z,215225.85,557.6364,-1.102946,0.9911,0.0
2024-10-12,2024-10-12T19:32:48Z,217337.7,566.5074,-0.24,0.9912,0.0
2024-10-16,2024-10-16T23:00:26Z,217444.31,568.6536,-0.472255,0.9911792,0.0
2024-10-20,2024-10-21T02:28:05Z,217472.55,571.4044,-0.29,0.9912,0.0
2024-10-25,2024-10-25T05:55:43Z,215325.04,566.1594,-1.030988,0.9911,0.0
2024-10-29,2024-10-29T09:23:22Z,215160.18,567.9355,-1.613966,0.9910775,0.0
2024-11-02,2024-11-02T12:51:00Z,213776.03,558.16,-2.09,0.998,0.0
2024-11-06,2024-11-06T16:18:38Z,220017.48,570.2981,-0.4494087,0.998,0.0
2024-11-10,2024-11-10T19:46:17Z,221353.94,584.6976,0.0,0.998,0.0
2024-11-14,2024-11-14T23:13:55Z,222533.64,580.8689,-0.4952755,0.998076,0.0
2024-11-18,2024-11-19T02:41:33Z,225088.61,574.6586,-0.07979143,0.9980904,0.0
2024-11-23,2024-11-23T06:09:12Z,227589.89,582.0781,0.0,0.9981,0.0
2024-11-27,2024-11-27T09:36:50Z,227333.54,586.7602,-0.3957676,0.9981,0.0
2024-12-01,2024-12-01T13:04:28Z,228371.88,588.9593,0.0,0.9981,0.04852338
2024-12-05,2024-12-05T16:32:07Z,223977.86,593.4842,-2.305194,0.9408,0.0
2024-12-09,2024-12-09T19:59:45Z,219964.37,592.1891,-3.61362,0.9399876,0.0
2024-12-13,2024-12-13T23:27:23Z,216124.38,590.609,-5.467638,0.9388462,0.0
2024-12-17,2024-12-18T02:55:02Z,212180.42,590.8722,-7.163554,0.937726,0.0
2024-12-22,2024-12-22T06:22:40Z,210059.22,579.7607,-8.3,0.937,0.0
2024-12-26,2024-12-26T09:50:19Z,211349.5,589.7231,-7.236209,0.9376798,0.0
2024-12-30,2024-12-30T13:17:57Z,210174.04,581.2436,-7.807109,0.9372617,0.0
