date,time_utc,equity,spy_benchmark,drawdown
2023-01-01,2023-01-01T05:00:00Z,100000.0,364.7679,0.0
2023-01-05,2023-01-05T08:27:38Z,99732.72,365.434,-0.3751682
2023-01-09,2023-01-09T11:55:16Z,101601.1,370.0964,-0.2220591
2023-01-13,2023-01-13T15:22:55Z,101927.4,379.2622,0.0
2023-01-17,2023-01-17T18:50:33Z,102469.55,379.6941,0.0
2023-01-21,2023-01-21T22:18:11Z,102031.36,377.5967,-0.47
2023-01-25,2023-01-26T01:45:50Z,102624.28,381.8409,-0.1903364
2023-01-30,2023-01-30T05:13:28Z,103221.0,386.8987,-0.4176748
2023-02-03,2023-02-03T08:41:07Z,102966.57,396.8826,-1.20019
2023-02-07,2023-02-07T12:08:45Z,103241.84,392.4246,-0.7022521
2023-02-11,2023-02-11T15:36:23Z,103858.88,389.1951,-0.41
2023-02-15,2023-02-15T19:04:02Z,105237.09,394.3317,-0.1227727
2023-02-19,2023-02-19T22:31:40Z,104136.88,388.4511,-1.19
2023-02-23,2023-02-24T01:59:18Z,102721.95,381.9022,-2.558973
2023-02-28,2023-02-28T05:26:57Z,102151.27,379.335,-3.059172
2023-03-04,2023-03-04T08:54:35Z,104053.92,385.5229,-0.78
2023-03-08,2023-03-08T12:22:14Z,103528.23,380.0667,-1.77835
2023-03-12,2023-03-12T15:49:52Z,101711.88,368.0871,-3.63
2023-03-16,2023-03-16T19:17:30Z,102933.21,375.4524,-2.543898
2023-03-20,2023-03-20T22:45:09Z,104281.71,376.204,-1.292626
2023-03-24,2023-03-25T02:12:47Z,105903.48,378.7296,-0.1884932
2023-03-29,2023-03-29T05:40:25Z,105647.44,379.1539,-0.3907071
2023-04-02,2023-04-02T09:08:04Z,107914.77,391.9732,0.0
2023-04-06,2023-04-06T12:35:42Z,109804.98,390.8046,-0.211488
2023-04-10,2023-04-10T16:03:21Z,109769.66,391.9837,-0.3102793
2023-04-14,2023-04-14T19:30:59Z,111379.32,395.2544,-0.3167957
2023-04-18,2023-04-18T22:58:37Z,111943.21,396.534,-0.07534219
2023-04-22,2023-04-23T02:26:16Z,111899.37,394.6637,-0.07
2023-04-27,2023-04-27T05:53:54Z,110212.85,387.7669,-1.964791
2023-05-01,2023-05-01T09:21:33Z,112264.2,398.1452,-0.01553402
2023-05-05,2023-05-05T12:49:11Z,108644.48,390.5334,-2.580066
2023-05-09,2023-05-09T16:16:49Z,111692.9,394.2939,-1.069116
2023-05-13,2023-05-13T19:44:28Z,110840.75,394.0796,-1.51
2023-05-17,2023-05-17T23:12:06Z,110399.61,396.6114,-2.015941
2023-05-21,2023-05-22T02:39:44Z,111230.85,400.8105,-1.09
2023-05-26,2023-05-26T06:07:23Z,109759.87,397.4642,-2.321841
2023-05-30,2023-05-30T09:35:01Z,112038.72,402.1866,-0.4591469
2023-06-03,2023-06-03T13:02:40Z,112820.85,409.7149,0.0
2023-06-07,2023-06-07T16:30:18Z,111893.49,409.0819,-0.9721047
2023-06-11,2023-06-11T19:57:56Z,112615.75,411.6106,-0.22
2023-06-15,2023-06-15T23:25:35Z,115665.74,422.7814,0.0
2023-06-19,2023-06-20T02:53:13Z,115113.2,422.3273,-0.61
2023-06-24,2023-06-24T06:20:51Z,113815.74,416.3209,-1.97
2023-06-28,2023-06-28T09:48:30Z,115046.87,419.2167,-0.5827395
2023-07-02,2023-07-02T13:16:08Z,116738.0,425.9983,0.0
2023-07-06,2023-07-06T16:43:47Z,115716.3,424.0855,-1.694663
2023-07-10,2023-07-10T20:11:25Z,114601.12,422.1724,-2.38659
2023-07-14,2023-07-14T23:39:03Z,115626.24,431.8132,-1.246844
2023-07-18,2023-07-19T03:06:42Z,117082.18,436.3638,-0.004071234
2023-07-23,2023-07-23T06:34:20Z,118018.0,434.5514,0.0
2023-07-27,2023-07-27T10:01:58Z,117990.18,437.022,-0.9833401
2023-07-31,2023-07-31T13:29:37Z,118130.94,439.4373,-0.4231
2023-08-04,2023-08-04T16:57:15Z,117703.0,430.2886,-2.13073
2023-08-08,2023-08-08T20:24:54Z,119764.17,431.8504,-0.5530703
2023-08-12,2023-08-12T23:52:32Z,118043.18,428.2759,-1.64
2023-08-16,2023-08-17T03:20:10Z,116928.81,422.5866,-2.479538
2023-08-21,2023-08-21T06:47:49Z,116568.16,419.8008,-2.727931
2023-08-25,2023-08-25T10:15:27Z,116095.5,420.6293,-3.027484
2023-08-29,2023-08-29T13:43:06Z,117731.0,427.9891,-1.180209
2023-09-02,2023-09-02T17:10:44Z,119689.58,433.6,-0.24
2023-09-06,2023-09-06T20:38:22Z,119090.7,429.7138,-0.8082588
2023-09-10,2023-09-11T00:06:01Z,118639.38,428.151,-1.31
2023-09-14,2023-09-15T03:33:39Z,119032.53,432.7346,-0.9906703
2023-09-19,2023-09-19T07:01:17Z,117827.73,427.727,-2.060144
2023-09-23,2023-09-23T10:28:56Z,116206.87,415.0989,-3.56
2023-09-27,2023-09-27T13:56:34Z,115247.78,410.7884,-4.111714
2023-10-01,2023-10-01T17:24:13Z,115761.11,412.2636,-3.64
2023-10-05,2023-10-05T20:51:51Z,114904.18,409.4355,-4.445134
2023-10-09,2023-10-10T00:19:29Z,117109.42,416.4962,-2.604845
2023-10-13,2023-10-14T03:47:08Z,120706.16,416.1591,-0.001071936
2023-10-18,2023-10-18T07:14:46Z,120984.36,419.7417,-0.2507742
2023-10-22,2023-10-22T10:42:24Z,118982.38,406.1974,-2.34
2023-10-26,2023-10-26T14:10:03Z,118630.92,400.6442,-3.099516
2023-10-30,2023-10-30T17:37:41Z,117415.84,398.7505,-3.970948
2023-11-03,2023-11-03T21:05:20Z,120351.72,418.1255,-0.5860191
2023-11-07,2023-11-08T00:32:58Z,122230.78,421.1554,-0.01668908
2023-11-11,2023-11-12T04:00:36Z,124012.85,424.9262,0.0
2023-11-16,2023-11-16T07:28:15Z,123940.34,433.7279,-0.2960251
2023-11-20,2023-11-20T10:55:53Z,125038.01,435.5709,0.0
2023-11-24,2023-11-24T14:23:32Z,125812.46,438.9289,-0.1339046
2023-11-28,2023-11-28T17:51:10Z,125217.57,438.5349,-1.177438
2023-12-02,2023-12-02T21:18:48Z,125000.82,442.758,-1.18
2023-12-06,2023-12-07T00:46:27Z,123185.69,438.8849,-2.531465
2023-12-10,2023-12-11T04:14:05Z,124238.94,443.8189,-1.76
2023-12-15,2023-12-15T07:41:43Z,129112.78,455.1243,-0.1153992
2023-12-19,2023-12-19T11:09:22Z,130402.3,457.7283,0.0
2023-12-23,2023-12-23T14:37:00Z,128879.78,458.6422,-1.81
2023-12-27,2023-12-27T18:04:39Z,128896.92,461.0325,-1.605449
