month,start_equity,end_equity,return
2016-01,100000.0,100000.0,0.0
2016-02,100000.0,100798.93,0.7989
2016-03,100798.93,108882.93,8.0199
2016-04,108882.93,105256.02,-3.331
2016-05,105256.02,106968.25,1.6267
2016-06,106968.25,104309.74,-2.4853
2016-07,104309.74,107836.67,3.3812
2016-08,107836.67,107222.37,-0.5697
2016-09,107222.37,107263.12,0.038
2016-10,107263.12,106717.38,-0.5088
2016-11,106717.38,111763.79,4.7288
2016-12,111763.79,115183.59,3.0598
2017-01,115183.59,116073.31,0.7724
2017-02,116073.31,119459.48,2.9173
2017-03,119459.48,118153.09,-1.0936
2017-04,118153.09,116530.96,-1.3729
2017-05,116530.96,118260.98,1.4846
2017-06,118260.98,118950.17,0.5828
2017-07,118950.17,121014.13,1.7351
2017-08,121014.13,120489.68,-0.4334
2017-09,120489.68,123152.7,2.2102
2017-10,123152.7,121732.32,-1.1533
2017-11,121732.32,125640.02,3.2101
2017-12,125640.02,130036.84,3.4995
2018-01,130036.84,140055.5,7.7045
2018-02,140055.5,134817.46,-3.74
2018-03,134817.46,135824.82,0.7472
2018-04,135824.82,138425.97,1.9151
2018-05,138425.97,142605.55,3.0194
2018-06,142605.55,140131.44,-1.7349
2018-07,140131.44,147032.02,4.9244
2018-08,147032.02,150150.06,2.1206
2018-09,150150.06,148014.25,-1.4225
2018-10,148014.25,135444.9,-8.492
2018-11,135444.9,139726.05,3.1608
2018-12,139726.05,124618.84,-10.812
2019-01,124618.84,137196.77,10.0931
2019-02,137196.77,139026.04,1.3333
2019-03,139026.04,140665.35,1.1791
2019-04,140665.35,141593.12,0.6596
2019-05,141593.12,127409.53,-10.0171
2019-06,127409.53,139108.14,9.1819
2019-07,139108.14,143451.36,3.1222
2019-08,143451.36,137924.92,-3.8525
2019-09,137924.92,144527.2,4.7869
2019-10,144527.2,149332.88,3.3251
2019-11,149332.88,149560.53,0.1524
2019-12,149560.53,156461.84,4.6144
2020-01,156461.84,144593.48,-7.5855
2020-02,144593.48,126105.97,-12.7859
2020-03,126105.97,101339.55,-19.6394
2020-04,101339.55,117340.85,15.7898
2020-05,117340.85,120848.28,2.9891
2020-06,120848.28,117963.78,-2.3869
2020-07,117963.78,120056.02,1.7736
2020-08,120056.02,123903.29,3.2046
2020-09,123903.29,118791.3,-4.1258
2020-10,118791.3,114563.4,-3.5591
2020-11,114563.4,128914.62,12.5269
2020-12,128914.62,131456.3,1.9716
2021-01,131456.3,129275.82,-1.6587
2021-02,129275.82,134075.81,3.713
2021-03,134075.81,144692.14,7.9182
2021-04,144692.14,148177.54,2.4088
2021-05,148177.54,153581.37,3.6469
2021-06,153581.37,153161.01,-0.2737
2021-07,153161.01,155425.61,1.4786
2021-08,155425.61,157713.49,1.472
2021-09,157713.49,150962.03,-4.2808
2021-10,150962.03,158107.34,4.7332
2021-11,158107.34,154186.47,-2.4799
2021-12,154186.47,166261.67,7.8316
2022-01,166261.67,159765.75,-3.907
2022-02,159765.75,156070.01,-2.3132
2022-03,156070.01,159299.73,2.0694
2022-04,159299.73,147350.29,-7.5012
2022-05,147350.29,150593.72,2.2012
2022-06,150593.72,133895.47,-11.0883
2022-07,133895.47,146839.76,9.6675
2022-08,146839.76,143805.88,-2.0661
2022-09,143805.88,132967.62,-7.5367
2022-10,132967.62,150026.66,12.8295
2022-11,150026.66,160435.61,6.9381
2022-12,160435.61,153567.38,-4.281
2023-01,153567.38,161684.53,5.2857
2023-02,161684.53,154974.43,-4.1501
2023-03,154974.43,157373.03,1.5477
2023-04,157373.03,155761.56,-1.024
2023-05,155761.56,150514.67,-3.3685
2023-06,150514.67,161820.96,7.5118
2023-07,161820.96,170733.53,5.5077
2023-08,170733.53,168613.33,-1.2418
2023-09,168613.33,164147.81,-2.6484
2023-10,164147.81,160742.2,-2.0747
2023-11,160742.2,166970.39,3.8746
2023-12,166970.39,171950.16,2.9824
2024-01,171950.16,173697.92,1.0164
2024-02,173697.92,176128.6,1.3994
2024-03,176128.6,191324.86,8.6279
2024-04,191324.86,185567.79,-3.0091
2024-05,185567.79,188936.37,1.8153
2024-06,188936.37,188016.41,-0.4869
2024-07,188016.41,192992.0,2.6464
2024-08,192992.0,197082.16,2.1193
2024-09,197082.16,198815.45,0.8795
2024-10,198815.45,201679.55,1.4406
2024-11,201679.55,214171.57,6.194
2024-12,214171.57,197850.66,-7.6205
