year,start_equity,end_equity,strategy_return,sample_start,sample_end,strategy_return_sampled,spy_start,spy_end,spy_return,difference_sampled
2016,100000.0,115183.59,15.1836,2016-01-01,2016-12-30,15.3158,171.4433,192.2222,12.12,3.1958
2017,115183.59,130036.84,12.8953,2016-12-30,2017-12-30,12.8596,192.2222,233.6855,21.5705,-8.7109
2018,130036.84,124618.84,-4.1665,2017-12-30,2018-12-30,-5.7927,233.6855,221.0834,-5.3928,-0.3999
2019,124618.84,156461.84,25.5523,2018-12-30,2019-12-29,27.5349,221.0834,293.5638,32.7842,-5.2493
2020,156461.84,131456.3,-15.9819,2019-12-29,2021-01-01,-16.0025,293.5638,346.3028,17.9651,-33.9676
2021,131456.3,166261.67,26.4768,2021-01-01,2022-01-01,26.4651,346.3028,445.7914,28.7288,-2.2637
2022,166261.67,153567.38,-7.6351,2022-01-01,2022-12-31,-7.5489,445.7914,364.7679,-18.1752,10.6263
2023,153567.38,171950.16,11.9705,2022-12-31,2023-12-31,12.027,364.7679,460.2496,26.176,-14.149
2024,171950.16,197850.66,15.0628,2023-12-31,2024-12-30,14.4436,460.2496,581.2437,26.2888,-11.8452
