id,time,last_fill_time,symbol,type,status,direction,quantity,price,value,fee,tag
1,2023-01-04T05:00:00Z,2023-01-05T05:00:00Z,AAPL,MarketOnOpen,Filled,buy,112,126.1331234,14126.9098208,1.0,
2,2023-01-04T05:00:00Z,2023-01-05T05:00:00Z,AVGO,MarketOnOpen,Filled,buy,25,548.127401794,13703.18504485,1.0,
3,2023-01-04T05:00:00Z,2023-01-05T05:00:00Z,NVO,MarketOnOpen,Filled,buy,208,67.900975428,14123.402889024,1.04,
4,2023-01-04T05:00:00Z,2023-01-05T05:00:00Z,XOM,MarketOnOpen,Filled,buy,136,100.4068888,13655.3368768,1.0,
5,2023-01-06T05:00:00Z,2023-01-07T05:00:00Z,UNH,MarketOnOpen,Filled,buy,29,481.700445824,13969.312928896,1.0,
6,2023-01-07T05:00:00Z,2023-01-10T05:00:00Z,UNH,MarketOnOpen,Filled,sell,-29,483.201834518,-14012.853201022,1.0,Reached fair value
7,2023-01-10T05:00:00Z,2023-01-11T05:00:00Z,UNH,MarketOnOpen,Filled,buy,29,479.70840723,13911.54380967,1.0,
8,2023-01-11T05:00:00Z,2023-01-12T05:00:00Z,UNH,MarketOnOpen,Filled,sell,-29,476.214979942,-13810.234418318,1.0,Reached fair value
9,2023-01-12T05:00:00Z,2023-01-13T05:00:00Z,UNH,MarketOnOpen,Filled,buy,29,480.836902,13944.270158,1.0,
10,2023-01-13T05:00:00Z,2023-01-14T05:00:00Z,UNH,MarketOnOpen,Filled,sell,-29,477.019645778,-13833.569727562,1.0,Reached fair value
11,2023-01-14T05:00:00Z,2023-01-18T05:00:00Z,UNH,MarketOnOpen,Filled,buy,29,482.01446176,13978.41939104,1.0,
12,2023-01-18T05:00:00Z,2023-01-19T05:00:00Z,UNH,MarketOnOpen,Filled,sell,-29,478.3836525,-13873.1259225,1.0,Reached fair value
13,2023-01-19T05:00:00Z,2023-01-20T05:00:00Z,UNH,MarketOnOpen,Filled,buy,30,469.424385326,14082.73155978,1.0,
14,2023-01-20T05:00:00Z,2023-01-21T05:00:00Z,UNH,MarketOnOpen,Filled,sell,-30,476.450491894,-14293.51475682,1.0,Reached fair value
15,2023-01-21T05:00:00Z,2023-01-24T05:00:00Z,UNH,MarketOnOpen,Filled,buy,30,477.215905738,14316.47717214,1.0,
16,2023-01-24T05:00:00Z,2023-01-25T05:00:00Z,UNH,MarketOnOpen,Filled,sell,-30,490.905037948,-14727.15113844,1.0,Reached fair value
17,2023-01-25T05:00:00Z,2023-01-26T05:00:00Z,UNH,MarketOnOpen,Filled,buy,30,480.130366144,14403.91098432,1.0,
18,2023-01-26T05:00:00Z,2023-01-27T05:00:00Z,UNH,MarketOnOpen,Filled,sell,-30,483.2901515,-14498.704545,1.0,Reached fair value
19,2023-01-27T05:00:00Z,2023-01-28T05:00:00Z,UNH,MarketOnOpen,Filled,buy,30,484.143882326,14524.31646978,1.0,
20,2023-01-28T05:00:00Z,2023-01-31T05:00:00Z,UNH,MarketOnOpen,Filled,sell,-30,479.31588731,-14379.4766193,1.0,Reached fair value
21,2023-01-31T05:00:00Z,2023-02-01T05:00:00Z,UNH,MarketOnOpen,Filled,buy,30,488.6873004,14660.619012,1.0,
22,2023-02-01T05:00:00Z,2023-02-02T05:00:00Z,UNH,MarketOnOpen,Filled,sell,-30,490.60083501,-14718.0250503,1.0,Reached fair value
23,2023-02-02T05:00:00Z,2023-02-03T05:00:00Z,UNH,MarketOnOpen,Filled,buy,29,485.743401,14086.558629,1.0,
24,2023-02-03T05:00:00Z,2023-02-04T05:00:00Z,UNH,MarketOnOpen,Filled,sell,-29,466.617867898,-13531.918169042,1.0,Reached fair value
25,2023-02-04T05:00:00Z,2023-02-07T05:00:00Z,UNH,MarketOnOpen,Filled,buy,31,463.1735056,14358.3786736,1.0,
26,2023-02-07T05:00:00Z,2023-02-08T05:00:00Z,UNH,MarketOnOpen,Filled,sell,-31,461.99594584,-14321.87432104,1.0,Reached fair value
27,2023-02-08T05:00:00Z,2023-02-09T05:00:00Z,AAPL,MarketOnOpen,Filled,sell,-112,152.720396734,-17104.684434208,1.0,Reached fair value
28,2023-02-08T05:00:00Z,2023-02-09T05:00:00Z,UNH,MarketOnOpen,Filled,buy,31,466.578615906,14463.937093086,1.0,
29,2023-02-09T05:00:00Z,2023-02-10T05:00:00Z,AAPL,MarketOnOpen,Filled,buy,97,152.710464992,14812.915104224,1.0,
30,2023-02-09T05:00:00Z,2023-02-10T05:00:00Z,UNH,MarketOnOpen,Filled,sell,-31,476.548621874,-14773.007278094,1.0,Reached fair value
31,2023-02-10T05:00:00Z,2023-02-11T05:00:00Z,UNH,MarketOnOpen,Filled,buy,30,479.992984172,14399.78952516,1.0,
32,2023-02-11T05:00:00Z,2023-02-14T05:00:00Z,UNH,MarketOnOpen,Filled,sell,-30,484.7621012,-14542.863036,1.0,Reached fair value
33,2023-02-14T05:00:00Z,2023-02-15T05:00:00Z,UNH,MarketOnOpen,Filled,buy,30,485.046678142,14551.40034426,1.0,
34,2023-02-15T05:00:00Z,2023-02-16T05:00:00Z,UNH,MarketOnOpen,Filled,sell,-30,480.49344707,-14414.8034121,1.0,Reached fair value
35,2023-02-16T05:00:00Z,2023-02-17T05:00:00Z,AAPL,MarketOnOpen,Filled,sell,-97,152.575591134,-14799.832339998,1.0,Reached fair value
36,2023-02-16T05:00:00Z,2023-02-17T05:00:00Z,UNH,MarketOnOpen,Filled,buy,30,481.96539677,14458.9619031,1.0,
37,2023-02-17T05:00:00Z,2023-02-18T05:00:00Z,AAPL,MarketOnOpen,Filled,buy,96,151.64058197,14557.49586912,1.0,
38,2023-02-17T05:00:00Z,2023-02-18T05:00:00Z,UNH,MarketOnOpen,Filled,sell,-30,478.265896524,-14347.97689572,1.0,Reached fair value
39,2023-02-18T05:00:00Z,2023-02-22T05:00:00Z,UNH,MarketOnOpen,Filled,buy,29,487.41161066,14134.93670914,1.0,
40,2023-02-22T05:00:00Z,2023-02-23T05:00:00Z,UNH,MarketOnOpen,Filled,sell,-29,483.92799637,-14033.91189473,1.0,Reached fair value
41,2023-02-23T05:00:00Z,2023-02-24T05:00:00Z,UNH,MarketOnOpen,Filled,buy,30,477.559360668,14326.78082004,1.0,
42,2023-02-24T05:00:00Z,2023-02-25T05:00:00Z,UNH,MarketOnOpen,Filled,sell,-30,480.424756084,-14412.74268252,1.0,Reached fair value
43,2023-02-25T05:00:00Z,2023-02-28T05:00:00Z,UNH,MarketOnOpen,Filled,buy,30,479.629903246,14388.89709738,1.0,
44,2023-02-28T05:00:00Z,2023-03-01T05:00:00Z,UNH,MarketOnOpen,Filled,sell,-30,473.643974466,-14209.31923398,1.0,Reached fair value
45,2023-03-01T05:00:00Z,2023-03-02T05:00:00Z,UNH,MarketOnOpen,Filled,buy,31,464.753398278,14407.355346618,1.0,
46,2023-03-02T05:00:00Z,2023-03-03T05:00:00Z,UNH,MarketOnOpen,Filled,sell,-31,466.323477958,-14456.027816698,1.0,Reached fair value
47,2023-03-03T05:00:00Z,2023-03-04T05:00:00Z,UNH,MarketOnOpen,Filled,buy,31,469.002426412,14539.075218772,1.0,
48,2023-03-04T05:00:00Z,2023-03-07T05:00:00Z,UNH,MarketOnOpen,Filled,sell,-31,472.368284726,-14643.416826506,1.0,Reached fair value
49,2023-03-07T05:00:00Z,2023-03-08T05:00:00Z,UNH,MarketOnOpen,Filled,buy,31,473.948177404,14692.393499524,1.0,
50,2023-03-08T05:00:00Z,2023-03-09T05:00:00Z,UNH,MarketOnOpen,Filled,sell,-31,462.643603708,-14341.951714948,1.0,Reached fair value
51,2023-03-09T05:00:00Z,2023-03-10T05:00:00Z,UNH,MarketOnOpen,Filled,buy,31,465.08704021,14417.69824651,1.0,
52,2023-03-10T05:00:00Z,2023-03-11T05:00:00Z,UNH,MarketOnOpen,Filled,sell,-31,455.733535873,-14127.739612063,1.0,Reached fair value
53,2023-03-11T05:00:00Z,2023-03-14T04:00:00Z,UNH,MarketOnOpen,Filled,buy,31,451.676180885,14001.961607435,1.0,
54,2023-03-14T04:00:00Z,2023-03-15T04:00:00Z,UNH,MarketOnOpen,Filled,sell,-31,457.584950285,-14185.133458835,1.0,Reached fair value
55,2023-03-15T04:00:00Z,2023-03-16T04:00:00Z,UNH,MarketOnOpen,Filled,buy,32,453.980600951,14527.379230432,1.0,
56,2023-03-16T04:00:00Z,2023-03-17T04:00:00Z,UNH,MarketOnOpen,Filled,sell,-32,457.644037979,-14644.609215328,1.0,Reached fair value
57,2023-03-17T04:00:00Z,2023-03-18T04:00:00Z,AAPL,MarketOnOpen,Filled,sell,-96,155.340831002,-14912.719776192,1.0,Reached fair value
58,2023-03-17T04:00:00Z,2023-03-18T04:00:00Z,UNH,MarketOnOpen,Filled,buy,31,464.222467911,14390.896505241,1.0,
59,2023-03-18T04:00:00Z,2023-03-21T04:00:00Z,AAPL,MarketOnOpen,Filled,buy,94,154.316299684,14505.732170296,1.0,
60,2023-03-18T04:00:00Z,2023-03-21T04:00:00Z,UNH,MarketOnOpen,Filled,sell,-31,462.853603,-14348.461693,1.0,Reached fair value
61,2023-03-21T04:00:00Z,2023-03-22T04:00:00Z,AAPL,MarketOnOpen,Filled,sell,-94,156.51456591,-14712.36919554,1.0,Reached fair value
62,2023-03-21T04:00:00Z,2023-03-22T04:00:00Z,UNH,MarketOnOpen,Filled,buy,31,471.116032211,14604.596998541,1.0,
63,2023-03-22T04:00:00Z,2023-03-23T04:00:00Z,AAPL,MarketOnOpen,Filled,buy,93,158.434318768,14734.391645424,1.0,
64,2023-03-22T04:00:00Z,2023-03-23T04:00:00Z,UNH,MarketOnOpen,Filled,sell,-31,474.621902055,-14713.278963705,1.0,Reached fair value
65,2023-03-23T04:00:00Z,2023-03-24T04:00:00Z,AAPL,MarketOnOpen,Filled,sell,-93,157.90713275,-14685.36334575,1.0,Reached fair value
66,2023-03-23T04:00:00Z,2023-03-24T04:00:00Z,UNH,MarketOnOpen,Filled,buy,31,470.150933209,14574.678929479,1.0,
67,2023-03-24T04:00:00Z,2023-03-25T04:00:00Z,AAPL,MarketOnOpen,Filled,buy,93,158.026495622,14696.464092846,1.0,
68,2023-03-24T04:00:00Z,2023-03-25T04:00:00Z,UNH,MarketOnOpen,Filled,sell,-31,461.849112202,-14317.322478262,1.0,Reached fair value
69,2023-03-25T04:00:00Z,2023-03-28T04:00:00Z,AAPL,MarketOnOpen,Filled,sell,-93,159.080867658,-14794.520692194,1.0,Reached fair value
70,2023-03-25T04:00:00Z,2023-03-28T04:00:00Z,UNH,MarketOnOpen,Filled,buy,31,478.167163695,14823.182074545,1.0,
71,2023-03-28T04:00:00Z,2023-03-29T04:00:00Z,AAPL,MarketOnOpen,Filled,buy,94,157.171061706,14774.079800364,1.0,
72,2023-03-28T04:00:00Z,2023-03-29T04:00:00Z,UNH,MarketOnOpen,Filled,sell,-31,474.6711418,-14714.8053958,1.0,Reached fair value
73,2023-03-29T04:00:00Z,2023-03-30T04:00:00Z,AAPL,MarketOnOpen,Filled,sell,-94,158.523840922,-14901.241046668,1.0,Reached fair value
74,2023-03-29T04:00:00Z,2023-03-30T04:00:00Z,UNH,MarketOnOpen,Filled,buy,31,468.594957267,14526.443675277,1.0,
75,2023-03-30T04:00:00Z,2023-03-31T04:00:00Z,AAPL,MarketOnOpen,Filled,buy,93,160.69226643,14944.38077799,1.0,
76,2023-03-30T04:00:00Z,2023-03-31T04:00:00Z,UNH,MarketOnOpen,Filled,sell,-31,459.475756493,-14243.748451283,1.0,Reached fair value
77,2023-03-31T04:00:00Z,2023-04-01T04:00:00Z,AAPL,MarketOnOpen,Filled,sell,-93,161.497965816,-15019.310820888,1.0,Reached fair value
78,2023-03-31T04:00:00Z,2023-04-01T04:00:00Z,UNH,MarketOnOpen,Filled,buy,32,464.350491248,14859.215719936,1.0,
79,2023-04-01T04:00:00Z,2023-04-04T04:00:00Z,AAPL,MarketOnOpen,Filled,buy,91,163.517187734,14880.064083794,1.0,
80,2023-04-01T04:00:00Z,2023-04-04T04:00:00Z,UNH,MarketOnOpen,Filled,sell,-32,477.6255265,-15284.016848,1.0,Reached fair value
81,2023-04-04T04:00:00Z,2023-04-05T04:00:00Z,AAPL,MarketOnOpen,Filled,sell,-91,165.66571943,-15075.58046813,1.0,Reached fair value
82,2023-04-04T04:00:00Z,2023-04-05T04:00:00Z,UNH,MarketOnOpen,Filled,buy,31,485.533429547,15051.536315957,1.0,
83,2023-04-05T04:00:00Z,2023-04-06T04:00:00Z,AAPL,MarketOnOpen,Filled,buy,92,163.92501088,15081.10100096,1.0,
84,2023-04-05T04:00:00Z,2023-04-06T04:00:00Z,UNH,MarketOnOpen,Filled,sell,-31,490.4278602,-15203.2636662,1.0,Reached fair value
85,2023-04-06T04:00:00Z,2023-04-07T04:00:00Z,AAPL,MarketOnOpen,Filled,sell,-92,161.527806534,-14860.558201128,1.0,Reached fair value
86,2023-04-07T04:00:00Z,2023-04-11T04:00:00Z,AAPL,MarketOnOpen,Filled,buy,92,160.652478806,14780.028050152,1.0,
87,2023-04-11T04:00:00Z,2023-04-12T04:00:00Z,AAPL,MarketOnOpen,Filled,sell,-92,161.398496756,-14848.661701552,1.0,Reached fair value
88,2023-04-12T04:00:00Z,2023-04-13T04:00:00Z,AAPL,MarketOnOpen,Filled,buy,94,160.34412472,15072.34772368,1.0,
89,2023-04-13T04:00:00Z,2023-04-14T04:00:00Z,AAPL,MarketOnOpen,Filled,sell,-94,160.771841678,-15112.553117732,1.0,Reached fair value
90,2023-04-14T04:00:00Z,2023-04-15T04:00:00Z,AAPL,MarketOnOpen,Filled,buy,92,163.716125854,15061.883578568,1.0,
91,2023-04-15T04:00:00Z,2023-04-18T04:00:00Z,AAPL,MarketOnOpen,Filled,sell,-92,164.163736624,-15103.063769408,1.0,Reached fair value
92,2023-04-18T04:00:00Z,2023-04-19T04:00:00Z,AAPL,MarketOnOpen,Filled,buy,93,165.1186396,15356.0334828,1.0,
93,2023-04-19T04:00:00Z,2023-04-20T04:00:00Z,AAPL,MarketOnOpen,Filled,sell,-93,164.979382916,-15343.082611188,1.0,Reached fair value
94,2023-04-20T04:00:00Z,2023-04-21T04:00:00Z,AAPL,MarketOnOpen,Filled,buy,91,165.1186396,15025.7962036,1.0,
95,2023-04-20T04:00:00Z,2023-04-21T04:00:00Z,UNH,MarketOnOpen,Filled,buy,32,478.088380103,15298.828163296,1.0,
96,2023-04-21T04:00:00Z,2023-04-22T04:00:00Z,AAPL,MarketOnOpen,Filled,sell,-91,164.143842812,-14937.089695892,1.0,Reached fair value
97,2023-04-21T04:00:00Z,2023-04-22T04:00:00Z,UNH,MarketOnOpen,Filled,sell,-32,482.588892796,-15442.844569472,1.0,Reached fair value
98,2023-04-22T04:00:00Z,2023-04-25T04:00:00Z,AAPL,MarketOnOpen,Filled,buy,93,164.123949,15263.527257,1.0,
99,2023-04-22T04:00:00Z,2023-04-25T04:00:00Z,UNH,MarketOnOpen,Filled,buy,32,476.059702609,15233.910483488,1.0,
100,2023-04-25T04:00:00Z,2023-04-26T04:00:00Z,AAPL,MarketOnOpen,Filled,sell,-93,164.352727838,-15284.803688934,1.0,Reached fair value
101,2023-04-25T04:00:00Z,2023-04-26T04:00:00Z,UNH,MarketOnOpen,Filled,sell,-32,485.769780323,-15544.632970336,1.0,Reached fair value
102,2023-04-26T04:00:00Z,2023-04-27T04:00:00Z,AAPL,MarketOnOpen,Filled,buy,94,162.1345678,15240.6493732,1.0,
103,2023-04-26T04:00:00Z,2023-04-27T04:00:00Z,UNH,MarketOnOpen,Filled,buy,31,478.482298063,14832.951239953,1.0,
104,2023-04-27T04:00:00Z,2023-04-28T04:00:00Z,AAPL,MarketOnOpen,Filled,sell,-94,164.501931428,-15463.181554232,1.0,Reached fair value
105,2023-04-27T04:00:00Z,2023-04-28T04:00:00Z,UNH,MarketOnOpen,Filled,sell,-31,474.86810078,-14720.91112418,1.0,Reached fair value
106,2023-04-28T04:00:00Z,2023-04-29T04:00:00Z,AAPL,MarketOnOpen,Filled,buy,91,167.684941348,15259.329662668,1.0,
107,2023-04-28T04:00:00Z,2023-04-29T04:00:00Z,UNH,MarketOnOpen,Filled,buy,31,481.259419681,14919.042010111,1.0,
108,2023-04-29T04:00:00Z,2023-05-02T04:00:00Z,AAPL,MarketOnOpen,Filled,sell,-91,168.480693828,-15331.743138348,1.0,Reached fair value
109,2023-04-29T04:00:00Z,2023-05-02T04:00:00Z,UNH,MarketOnOpen,Filled,sell,-31,487.069709591,-15099.160997321,1.0,Reached fair value
110,2023-05-02T04:00:00Z,2023-05-03T04:00:00Z,AAPL,MarketOnOpen,Filled,buy,91,169.097402,15387.863582,1.0,
111,2023-05-02T04:00:00Z,2023-05-03T04:00:00Z,UNH,MarketOnOpen,Filled,buy,31,487.719674225,15119.309900975,1.0,
112,2023-05-03T04:00:00Z,2023-05-04T04:00:00Z,AAPL,MarketOnOpen,Filled,sell,-91,168.610003606,-15343.510328146,1.0,Reached fair value
113,2023-05-03T04:00:00Z,2023-05-04T04:00:00Z,UNH,MarketOnOpen,Filled,sell,-31,486.88259856,-15093.36055536,1.0,Reached fair value
114,2023-05-04T04:00:00Z,2023-05-05T04:00:00Z,AAPL,MarketOnOpen,Filled,buy,91,163.87527635,14912.65014785,1.0,
115,2023-05-04T04:00:00Z,2023-05-05T04:00:00Z,UNH,MarketOnOpen,Filled,buy,31,479.644356045,14868.975037395,1.0,
116,2023-05-05T04:00:00Z,2023-05-06T04:00:00Z,AAPL,MarketOnOpen,Filled,sell,-91,170.0920926,-15478.3804266,1.0,Reached fair value
117,2023-05-05T04:00:00Z,2023-05-06T04:00:00Z,UNH,MarketOnOpen,Filled,sell,-31,486.547768294,-15082.980817114,1.0,Reached fair value
118,2023-05-06T04:00:00Z,2023-05-09T04:00:00Z,UNH,MarketOnOpen,Filled,buy,31,484.558482596,15021.312960476,1.0,
119,2023-05-09T04:00:00Z,2023-05-10T04:00:00Z,UNH,MarketOnOpen,Filled,sell,-31,485.346318516,-15045.735873996,1.0,Reached fair value
120,2023-05-10T04:00:00Z,2023-05-11T04:00:00Z,UNH,MarketOnOpen,Filled,buy,31,481.95862406,14940.71734586,1.0,
121,2023-05-11T04:00:00Z,2023-05-12T04:00:00Z,UNH,MarketOnOpen,Filled,sell,-31,480.5799112,-14897.9772472,1.0,Reached fair value
122,2023-05-12T04:00:00Z,2023-05-13T04:00:00Z,UNH,MarketOnOpen,Filled,buy,31,481.328355324,14921.179015044,1.0,
123,2023-05-13T04:00:00Z,2023-05-16T04:00:00Z,UNH,MarketOnOpen,Filled,sell,-31,483.92821386,-15001.77462966,1.0,Reached fair value
124,2023-05-16T04:00:00Z,2023-05-17T04:00:00Z,UNH,MarketOnOpen,Filled,buy,32,480.205689138,15366.582052416,1.0,
125,2023-05-17T04:00:00Z,2023-05-18T04:00:00Z,UNH,MarketOnOpen,Filled,sell,-32,472.701552,-15126.449664,1.0,Reached fair value
126,2023-05-18T04:00:00Z,2023-05-19T04:00:00Z,UNH,MarketOnOpen,Filled,buy,32,474.720381545,15191.05220944,1.0,
127,2023-05-19T04:00:00Z,2023-05-20T04:00:00Z,UNH,MarketOnOpen,Filled,sell,-32,472.287938142,-15113.214020544,1.0,Reached fair value
128,2023-05-20T04:00:00Z,2023-05-23T04:00:00Z,UNH,MarketOnOpen,Filled,buy,32,473.134861756,15140.315576192,1.0,
129,2023-05-23T04:00:00Z,2023-05-24T04:00:00Z,UNH,MarketOnOpen,Filled,sell,-32,468.939635482,-15006.068335424,1.0,Reached fair value
130,2023-05-24T04:00:00Z,2023-05-25T04:00:00Z,UNH,MarketOnOpen,Filled,buy,32,473.302276889,15145.672860448,1.0,
131,2023-05-25T04:00:00Z,2023-05-26T04:00:00Z,UNH,MarketOnOpen,Filled,sell,-32,470.367588087,-15051.762818784,1.0,Reached fair value
132,2023-05-25T04:00:00Z,2023-05-26T04:00:00Z,NKE,MarketOnOpen,Filled,buy,144,106.890449655,15392.22475032,1.0,
133,2023-05-26T04:00:00Z,2023-05-27T04:00:00Z,UNH,MarketOnOpen,Filled,buy,33,470.791049894,15536.104646502,1.0,
134,2023-05-26T04:00:00Z,2023-05-27T04:00:00Z,NKE,MarketOnOpen,Filled,sell,-144,105.5586351,-15200.4434544,1.0,Reached fair value
135,2023-05-27T04:00:00Z,2023-05-31T04:00:00Z,UNH,MarketOnOpen,Filled,sell,-33,469.432032932,-15491.257086756,1.0,Reached fair value
136,2023-05-27T04:00:00Z,2023-05-31T04:00:00Z,NKE,MarketOnOpen,Filled,buy,149,106.93977612,15934.02664188,1.0,
137,2023-05-31T04:00:00Z,2023-06-01T04:00:00Z,UNH,MarketOnOpen,Filled,buy,33,470.850137588,15538.054540404,1.0,
138,2023-05-31T04:00:00Z,2023-06-01T04:00:00Z,NKE,MarketOnOpen,Filled,sell,-149,104.157763494,-15519.506760606,1.0,Reached fair value
139,2023-06-01T04:00:00Z,2023-06-02T04:00:00Z,UNH,MarketOnOpen,Filled,sell,-33,480.373104271,-15852.312440943,1.0,Reached fair value
140,2023-06-01T04:00:00Z,2023-06-02T04:00:00Z,NKE,MarketOnOpen,Filled,buy,151,102.5990472,15492.4561272,1.0,
141,2023-06-02T04:00:00Z,2023-06-03T04:00:00Z,UNH,MarketOnOpen,Filled,buy,32,484.5190908,15504.6109056,1.0,
142,2023-06-02T04:00:00Z,2023-06-03T04:00:00Z,NKE,MarketOnOpen,Filled,sell,-151,106.529666221,-16085.979599371,1.0,Reached fair value
143,2023-06-03T04:00:00Z,2023-06-06T04:00:00Z,UNH,MarketOnOpen,Filled,sell,-32,493.08680643,-15778.77780576,1.0,Reached fair value
144,2023-06-03T04:00:00Z,2023-06-06T04:00:00Z,NKE,MarketOnOpen,Filled,buy,148,106.40099525,15747.347297,1.0,
145,2023-06-06T04:00:00Z,2023-06-07T04:00:00Z,UNH,MarketOnOpen,Filled,buy,32,492.29897051,15753.56705632,1.0,
146,2023-06-06T04:00:00Z,2023-06-07T04:00:00Z,NKE,MarketOnOpen,Filled,sell,-148,104.411544083,-15452.908524284,1.0,Reached fair value
147,2023-06-07T04:00:00Z,2023-06-08T04:00:00Z,UNH,MarketOnOpen,Filled,sell,-32,482.500261255,-15440.00836016,1.0,Reached fair value
148,2023-06-07T04:00:00Z,2023-06-08T04:00:00Z,NKE,MarketOnOpen,Filled,buy,149,104.955921268,15638.432268932,1.0,
149,2023-06-08T04:00:00Z,2023-06-09T04:00:00Z,UNH,MarketOnOpen,Filled,buy,33,477.024801611,15741.818453163,1.0,
150,2023-06-08T04:00:00Z,2023-06-09T04:00:00Z,NKE,MarketOnOpen,Filled,sell,-149,105.995186803,-15793.282833647,1.0,Reached fair value
151,2023-06-09T04:00:00Z,2023-06-10T04:00:00Z,UNH,MarketOnOpen,Filled,sell,-33,482.539653051,-15923.808550683,1.0,Reached fair value
152,2023-06-09T04:00:00Z,2023-06-10T04:00:00Z,NKE,MarketOnOpen,Filled,buy,150,104.827250297,15724.08754455,1.0,
153,2023-06-10T04:00:00Z,2023-06-13T04:00:00Z,UNH,MarketOnOpen,Filled,buy,32,484.81452927,15514.06493664,1.0,
154,2023-06-10T04:00:00Z,2023-06-13T04:00:00Z,NKE,MarketOnOpen,Filled,sell,-150,105.203365443,-15780.50481645,1.0,Reached fair value
155,2023-06-13T04:00:00Z,2023-06-14T04:00:00Z,AVGO,MarketOnOpen,Filled,sell,-25,844.431053153,-21110.776328825,1.0,Reached fair value
156,2023-06-13T04:00:00Z,2023-06-14T04:00:00Z,UNH,MarketOnOpen,Filled,sell,-32,483.406272563,-15469.000722016,1.0,Reached fair value
157,2023-06-13T04:00:00Z,2023-06-14T04:00:00Z,NKE,MarketOnOpen,Filled,buy,151,106.044675638,16012.746021338,1.0,
158,2023-06-14T04:00:00Z,2023-06-15T04:00:00Z,AVGO,MarketOnOpen,Filled,buy,19,839.224024142,15945.256458698,1.0,
159,2023-06-14T04:00:00Z,2023-06-15T04:00:00Z,UNH,MarketOnOpen,Filled,buy,33,447.461258713,14766.221537529,1.0,
160,2023-06-14T04:00:00Z,2023-06-15T04:00:00Z,NKE,MarketOnOpen,Filled,sell,-151,106.806803697,-16127.827358247,1.0,Reached fair value
161,2023-06-15T04:00:00Z,2023-06-16T04:00:00Z,AVGO,MarketOnOpen,Filled,sell,-19,867.259609721,-16477.932584699,1.0,Reached fair value
162,2023-06-15T04:00:00Z,2023-06-16T04:00:00Z,UNH,MarketOnOpen,Filled,sell,-33,456.832990426,-15075.488684058,1.0,Reached fair value
163,2023-06-16T04:00:00Z,2023-06-17T04:00:00Z,AVGO,MarketOnOpen,Filled,buy,18,872.584311704,15706.517610672,1.0,
164,2023-06-16T04:00:00Z,2023-06-17T04:00:00Z,UNH,MarketOnOpen,Filled,buy,35,460.936665636,16132.78329726,1.0,
165,2023-06-17T04:00:00Z,2023-06-21T04:00:00Z,AVGO,MarketOnOpen,Filled,sell,-18,845.931383546,-15226.764903828,1.0,Reached fair value
166,2023-06-17T04:00:00Z,2023-06-21T04:00:00Z,UNH,MarketOnOpen,Filled,sell,-35,451.65148245,-15807.80188575,1.0,Reached fair value
167,2023-06-21T04:00:00Z,2023-06-22T04:00:00Z,AVGO,MarketOnOpen,Filled,buy,18,847.815864,15260.685552,1.0,
168,2023-06-21T04:00:00Z,2023-06-22T04:00:00Z,UNH,MarketOnOpen,Filled,buy,34,463.71529873,15766.32015682,1.0,
169,2023-06-22T04:00:00Z,2023-06-23T04:00:00Z,AVGO,MarketOnOpen,Filled,sell,-18,833.117102916,-14996.107852488,1.0,Reached fair value
170,2023-06-22T04:00:00Z,2023-06-23T04:00:00Z,UNH,MarketOnOpen,Filled,sell,-34,472.842267932,-16076.637109688,1.0,Reached fair value
171,2023-06-23T04:00:00Z,2023-06-24T04:00:00Z,AVGO,MarketOnOpen,Filled,buy,19,822.194079924,15621.687518556,1.0,
172,2023-06-23T04:00:00Z,2023-06-24T04:00:00Z,UNH,MarketOnOpen,Filled,buy,33,472.990593542,15608.689586886,1.0,
173,2023-06-24T04:00:00Z,2023-06-27T04:00:00Z,UNH,MarketOnOpen,Filled,sell,-33,472.802714436,-15602.489576388,1.0,Reached fair value
174,2023-06-27T04:00:00Z,2023-06-28T04:00:00Z,UNH,MarketOnOpen,Filled,buy,33,472.792826062,15602.163260046,1.0,
175,2023-06-28T04:00:00Z,2023-06-29T04:00:00Z,AVGO,MarketOnOpen,Filled,sell,-19,826.847208852,-15710.096968188,1.0,Reached fair value
176,2023-06-28T04:00:00Z,2023-06-29T04:00:00Z,UNH,MarketOnOpen,Filled,sell,-33,476.580073304,-15727.142419032,1.0,Reached fair value
177,2023-06-29T04:00:00Z,2023-06-30T04:00:00Z,AVGO,MarketOnOpen,Filled,buy,19,842.34449418,16004.54538942,1.0,
178,2023-06-29T04:00:00Z,2023-06-30T04:00:00Z,UNH,MarketOnOpen,Filled,buy,34,469.776871992,15972.413647728,1.0,
179,2023-06-30T04:00:00Z,2023-07-01T04:00:00Z,AVGO,MarketOnOpen,Filled,sell,-19,856.215156048,-16268.087964912,1.0,Reached fair value
180,2023-06-30T04:00:00Z,2023-07-01T04:00:00Z,UNH,MarketOnOpen,Filled,sell,-34,471.62599793,-16035.28392962,1.0,Reached fair value
181,2023-07-01T04:00:00Z,2023-07-04T04:00:00Z,AVGO,MarketOnOpen,Filled,buy,18,856.313739288,15413.647307184,1.0,
182,2023-07-01T04:00:00Z,2023-07-04T04:00:00Z,UNH,MarketOnOpen,Filled,buy,34,472.76316094,16073.94747196,1.0,
183,2023-07-04T04:00:00Z,2023-07-06T04:00:00Z,AVGO,MarketOnOpen,Filled,sell,-18,855.11102376,-15391.99842768,1.0,Reached fair value
184,2023-07-04T04:00:00Z,2023-07-06T04:00:00Z,UNH,MarketOnOpen,Filled,sell,-34,470.716267522,-16004.353095748,1.0,Reached fair value
185,2023-07-06T04:00:00Z,2023-07-07T04:00:00Z,AVGO,MarketOnOpen,Filled,buy,18,833.028378,14994.510804,1.0,
186,2023-07-06T04:00:00Z,2023-07-07T04:00:00Z,UNH,MarketOnOpen,Filled,buy,34,464.634917512,15797.587195408,1.0,
187,2023-07-06T04:00:00Z,2023-07-07T04:00:00Z,NKE,MarketOnOpen,Filled,buy,152,104.213588743,15840.465488936,1.0,
188,2023-07-07T04:00:00Z,2023-07-08T04:00:00Z,AVGO,MarketOnOpen,Filled,sell,-18,838.381447932,-15090.866062776,1.0,Reached fair value
189,2023-07-07T04:00:00Z,2023-07-08T04:00:00Z,UNH,MarketOnOpen,Filled,sell,-34,459.809391,-15633.519294,1.0,Reached fair value
190,2023-07-07T04:00:00Z,2023-07-08T04:00:00Z,NKE,MarketOnOpen,Filled,sell,-152,103.72859816,-15766.74692032,1.0,Reached fair value
191,2023-07-08T04:00:00Z,2023-07-11T04:00:00Z,AVGO,MarketOnOpen,Filled,buy,19,836.261908272,15888.976257168,1.0,
192,2023-07-08T04:00:00Z,2023-07-11T04:00:00Z,UNH,MarketOnOpen,Filled,buy,35,454.865204,15920.28214,1.0,
193,2023-07-08T04:00:00Z,2023-07-11T04:00:00Z,NKE,MarketOnOpen,Filled,buy,154,103.43166515,15928.4764331,1.0,
194,2023-07-11T04:00:00Z,2023-07-12T04:00:00Z,AVGO,MarketOnOpen,Filled,sell,-19,869.030977248,-16511.588567712,1.0,Reached fair value
195,2023-07-11T04:00:00Z,2023-07-12T04:00:00Z,UNH,MarketOnOpen,Filled,sell,-35,457.208748638,-16002.30620233,1.0,Reached fair value
196,2023-07-11T04:00:00Z,2023-07-12T04:00:00Z,NKE,MarketOnOpen,Filled,sell,-154,104.569908355,-16103.76588667,1.0,Reached fair value
197,2023-07-12T04:00:00Z,2023-07-13T04:00:00Z,AVGO,MarketOnOpen,Filled,buy,18,876.4050036,15775.2900648,1.0,
198,2023-07-12T04:00:00Z,2023-07-13T04:00:00Z,UNH,MarketOnOpen,Filled,buy,35,457.8317162,16024.110067,1.0,
199,2023-07-12T04:00:00Z,2023-07-13T04:00:00Z,NKE,MarketOnOpen,Filled,buy,151,107.024554571,16160.707740221,1.0,
200,2023-07-13T04:00:00Z,2023-07-14T04:00:00Z,AVGO,MarketOnOpen,Filled,sell,-18,886.204177656,-15951.675197808,1.0,Reached fair value
201,2023-07-13T04:00:00Z,2023-07-14T04:00:00Z,UNH,MarketOnOpen,Filled,sell,-35,446.9545048,-15643.407668,1.0,Reached fair value
202,2023-07-13T04:00:00Z,2023-07-14T04:00:00Z,NKE,MarketOnOpen,Filled,sell,-151,107.954944669,-16301.196645019,1.0,Reached fair value
203,2023-07-14T04:00:00Z,2023-07-15T04:00:00Z,AVGO,MarketOnOpen,Filled,buy,18,873.605239584,15724.894312512,1.0,
204,2023-07-14T04:00:00Z,2023-07-15T04:00:00Z,UNH,MarketOnOpen,Filled,buy,36,454.973976114,16379.063140104,1.0,
205,2023-07-14T04:00:00Z,2023-07-15T04:00:00Z,NKE,MarketOnOpen,Filled,buy,151,106.836496998,16132.311046698,1.0,
206,2023-07-15T04:00:00Z,2023-07-18T04:00:00Z,AVGO,MarketOnOpen,Filled,sell,-18,877.173952872,-15789.131151696,1.0,Reached fair value
207,2023-07-15T04:00:00Z,2023-07-18T04:00:00Z,UNH,MarketOnOpen,Filled,sell,-36,475.739561514,-17126.624214504,1.0,Reached fair value
208,2023-07-15T04:00:00Z,2023-07-18T04:00:00Z,NKE,MarketOnOpen,Filled,sell,-151,106.163448842,-16030.680775142,1.0,Reached fair value
209,2023-07-18T04:00:00Z,2023-07-19T04:00:00Z,AVGO,MarketOnOpen,Filled,buy,18,893.144437752,16076.599879536,1.0,
210,2023-07-18T04:00:00Z,2023-07-19T04:00:00Z,UNH,MarketOnOpen,Filled,buy,33,484.530326,15989.500758,1.0,
211,2023-07-19T04:00:00Z,2023-07-20T04:00:00Z,AVGO,MarketOnOpen,Filled,sell,-18,884.557837548,-15922.041075864,1.0,Reached fair value
212,2023-07-19T04:00:00Z,2023-07-20T04:00:00Z,UNH,MarketOnOpen,Filled,sell,-33,501.874533996,-16561.859621868,1.0,Reached fair value
213,2023-07-20T04:00:00Z,2023-07-21T04:00:00Z,AVGO,MarketOnOpen,Filled,buy,18,879.155475996,15824.798567928,1.0,
214,2023-07-21T04:00:00Z,2023-07-22T04:00:00Z,AVGO,MarketOnOpen,Filled,sell,-18,891.675547476,-16050.159854568,1.0,Reached fair value
215,2023-07-21T04:00:00Z,2023-07-22T04:00:00Z,NKE,MarketOnOpen,Filled,buy,153,106.628643891,16314.182515323,1.0,
216,2023-07-22T04:00:00Z,2023-07-25T04:00:00Z,AVGO,MarketOnOpen,Filled,buy,18,888.03782592,15984.68086656,1.0,
217,2023-07-22T04:00:00Z,2023-07-25T04:00:00Z,NKE,MarketOnOpen,Filled,sell,-153,109.281245447,-16720.030553391,1.0,Reached fair value
218,2023-07-25T04:00:00Z,2023-07-26T04:00:00Z,AVGO,MarketOnOpen,Filled,sell,-18,887.860376088,-15981.486769584,1.0,Reached fair value
219,2023-07-26T04:00:00Z,2023-07-27T04:00:00Z,AVGO,MarketOnOpen,Filled,buy,18,896.1216516,16130.1897288,1.0,
220,2023-07-27T04:00:00Z,2023-07-28T04:00:00Z,AVGO,MarketOnOpen,Filled,sell,-18,895.6287354,-16121.3172372,1.0,Reached fair value
221,2023-07-28T04:00:00Z,2023-07-29T04:00:00Z,AVGO,MarketOnOpen,Filled,buy,18,886.578793968,15958.418291424,1.0,
222,2023-07-28T04:00:00Z,2023-07-29T04:00:00Z,NKE,MarketOnOpen,Filled,buy,153,107.004759037,16371.728132661,1.0,
223,2023-07-29T04:00:00Z,2023-08-01T04:00:00Z,AVGO,MarketOnOpen,Filled,sell,-18,884.784579,-15926.122422,1.0,Reached fair value
224,2023-07-29T04:00:00Z,2023-08-01T04:00:00Z,NKE,MarketOnOpen,Filled,sell,-153,108.301366514,-16570.109076642,1.0,Reached fair value
225,2023-08-01T04:00:00Z,2023-08-02T04:00:00Z,AVGO,MarketOnOpen,Filled,buy,18,886.243610952,15952.384997136,1.0,
226,2023-08-02T04:00:00Z,2023-08-03T04:00:00Z,AVGO,MarketOnOpen,Filled,sell,-18,899.37489852,-16188.74817336,1.0,Reached fair value
227,2023-08-03T04:00:00Z,2023-08-04T04:00:00Z,AVGO,MarketOnOpen,Filled,buy,18,874.058722488,15733.057004784,1.0,
228,2023-08-03T04:00:00Z,2023-08-04T04:00:00Z,NKE,MarketOnOpen,Filled,buy,154,105.9061069,16309.5404626,1.0,
229,2023-08-04T04:00:00Z,2023-08-05T04:00:00Z,AVGO,MarketOnOpen,Filled,sell,-18,872.441957352,-15703.955232336,1.0,Reached fair value
230,2023-08-04T04:00:00Z,2023-08-05T04:00:00Z,NKE,MarketOnOpen,Filled,sell,-154,107.598625057,-16570.188258778,1.0,Reached fair value
231,2023-08-05T04:00:00Z,2023-08-08T04:00:00Z,AVGO,MarketOnOpen,Filled,buy,18,874.354472208,15738.380499744,1.0,
232,2023-08-08T04:00:00Z,2023-08-09T04:00:00Z,AVGO,MarketOnOpen,Filled,sell,-18,876.414861924,-15775.467514632,1.0,Reached fair value
233,2023-08-09T04:00:00Z,2023-08-10T04:00:00Z,AVGO,MarketOnOpen,Filled,buy,19,870.213976128,16534.065546432,1.0,
234,2023-08-10T04:00:00Z,2023-08-11T04:00:00Z,AVGO,MarketOnOpen,Filled,sell,-19,841.033337088,-15979.633404672,1.0,Reached fair value
235,2023-08-11T04:00:00Z,2023-08-12T04:00:00Z,AVGO,MarketOnOpen,Filled,buy,20,822.194079924,16443.88159848,1.0,
236,2023-08-15T04:00:00Z,2023-08-16T04:00:00Z,AVGO,MarketOnOpen,Filled,sell,-20,837.178732404,-16743.57464808,1.0,Reached fair value
237,2023-08-15T04:00:00Z,2023-08-16T04:00:00Z,NKE,MarketOnOpen,Filled,buy,158,104.985614569,16587.727101902,1.0,
238,2023-08-16T04:00:00Z,2023-08-17T04:00:00Z,AVGO,MarketOnOpen,Filled,buy,20,835.778850396,16715.57700792,1.0,
239,2023-08-16T04:00:00Z,2023-08-17T04:00:00Z,NKE,MarketOnOpen,Filled,sell,-158,104.985614569,-16587.727101902,1.0,Reached fair value
240,2023-08-17T04:00:00Z,2023-08-18T04:00:00Z,NKE,MarketOnOpen,Filled,buy,159,106.331710881,16906.742030079,1.0,
241,2023-08-18T04:00:00Z,2023-08-19T04:00:00Z,UNH,MarketOnOpen,Filled,buy,34,489.256968772,16634.736938248,1.0,
242,2023-08-18T04:00:00Z,2023-08-19T04:00:00Z,NKE,MarketOnOpen,Filled,sell,-159,102.768514761,-16340.193846999,1.0,Reached fair value
243,2023-08-19T04:00:00Z,2023-08-22T04:00:00Z,UNH,MarketOnOpen,Filled,sell,-34,491.956494874,-16726.520825716,1.0,Reached fair value
244,2023-08-19T04:00:00Z,2023-08-22T04:00:00Z,NKE,MarketOnOpen,Filled,buy,161,104.391748549,16807.071516389,1.0,
245,2023-08-22T04:00:00Z,2023-08-23T04:00:00Z,AVGO,MarketOnOpen,Filled,sell,-20,861.035876484,-17220.71752968,1.0,Reached fair value
246,2023-08-22T04:00:00Z,2023-08-23T04:00:00Z,NKE,MarketOnOpen,Filled,sell,-161,100.06642437,-16110.69432357,1.0,Reached fair value
247,2023-08-23T04:00:00Z,2023-08-24T04:00:00Z,AVGO,MarketOnOpen,Filled,buy,19,838.716630948,15935.615988012,1.0,
248,2023-08-23T04:00:00Z,2023-08-24T04:00:00Z,UNH,MarketOnOpen,Filled,buy,34,487.4968382,16574.8924988,1.0,
249,2023-08-23T04:00:00Z,2023-08-24T04:00:00Z,NKE,MarketOnOpen,Filled,buy,167,96.127113104,16053.227888368,1.0,
250,2023-08-24T04:00:00Z,2023-08-25T04:00:00Z,AVGO,MarketOnOpen,Filled,sell,-19,889.56586614,-16901.75145666,1.0,Reached fair value
251,2023-08-24T04:00:00Z,2023-08-25T04:00:00Z,UNH,MarketOnOpen,Filled,sell,-34,485.944363482,-16522.108358388,1.0,Reached fair value
252,2023-08-24T04:00:00Z,2023-08-25T04:00:00Z,NKE,MarketOnOpen,Filled,sell,-167,97.69096029,-16314.39036843,1.0,Reached fair value
253,2023-08-25T04:00:00Z,2023-08-26T04:00:00Z,AVGO,MarketOnOpen,Filled,buy,20,844.878083448,16897.56166896,1.0,
254,2023-08-25T04:00:00Z,2023-08-26T04:00:00Z,UNH,MarketOnOpen,Filled,buy,35,484.451219008,16955.79266528,1.0,
255,2023-08-25T04:00:00Z,2023-08-26T04:00:00Z,NKE,MarketOnOpen,Filled,buy,175,97.49300495,17061.27586625,1.0,
256,2023-08-26T04:00:00Z,2023-08-29T04:00:00Z,AVGO,MarketOnOpen,Filled,sell,-20,844.257009036,-16885.14018072,1.0,Reached fair value
257,2023-08-26T04:00:00Z,2023-08-29T04:00:00Z,UNH,MarketOnOpen,Filled,sell,-35,485.014856326,-16975.51997141,1.0,Reached fair value
258,2023-08-26T04:00:00Z,2023-08-29T04:00:00Z,NKE,MarketOnOpen,Filled,sell,-175,98.730225825,-17277.789519375,1.0,Reached fair value
259,2023-08-29T04:00:00Z,2023-08-30T04:00:00Z,AVGO,MarketOnOpen,Filled,buy,20,846.23853216,16924.7706432,1.0,
260,2023-08-29T04:00:00Z,2023-08-30T04:00:00Z,UNH,MarketOnOpen,Filled,buy,35,485.983916978,17009.43709423,1.0,
261,2023-08-29T04:00:00Z,2023-08-30T04:00:00Z,NKE,MarketOnOpen,Filled,buy,173,99.07664767,17140.26004691,1.0,
262,2023-08-30T04:00:00Z,2023-08-31T04:00:00Z,AVGO,MarketOnOpen,Filled,sell,-20,879.746975436,-17594.93950872,1.0,Reached fair value
263,2023-08-30T04:00:00Z,2023-08-31T04:00:00Z,UNH,MarketOnOpen,Filled,sell,-35,488.475787226,-17096.65255291,1.0,Reached fair value
264,2023-08-30T04:00:00Z,2023-08-31T04:00:00Z,NKE,MarketOnOpen,Filled,sell,-173,100.600903788,-17403.956355324,1.0,Reached fair value
265,2023-08-31T04:00:00Z,2023-09-01T04:00:00Z,AVGO,MarketOnOpen,Filled,buy,19,885.287353524,16820.459716956,1.0,
266,2023-08-31T04:00:00Z,2023-09-01T04:00:00Z,UNH,MarketOnOpen,Filled,buy,35,486.863982264,17040.23937924,1.0,
267,2023-08-31T04:00:00Z,2023-09-01T04:00:00Z,NKE,MarketOnOpen,Filled,buy,170,101.570884954,17267.05044218,1.0,
268,2023-09-01T04:00:00Z,2023-09-02T04:00:00Z,AVGO,MarketOnOpen,Filled,sell,-19,888.18570078,-16875.52831482,1.0,Reached fair value
269,2023-09-01T04:00:00Z,2023-09-02T04:00:00Z,UNH,MarketOnOpen,Filled,sell,-35,473.6531146,-16577.859011,1.0,Reached fair value
270,2023-09-01T04:00:00Z,2023-09-02T04:00:00Z,NKE,MarketOnOpen,Filled,sell,-170,101.266050105,-17215.22851785,1.0,Reached fair value
271,2023-09-02T04:00:00Z,2023-09-06T04:00:00Z,AVGO,MarketOnOpen,Filled,buy,20,857.191130124,17143.82260248,1.0,
272,2023-09-02T04:00:00Z,2023-09-06T04:00:00Z,UNH,MarketOnOpen,Filled,buy,36,473.475123868,17045.104459248,1.0,
273,2023-09-02T04:00:00Z,2023-09-06T04:00:00Z,NKE,MarketOnOpen,Filled,buy,169,100.8986044,17051.8641436,1.0,
274,2023-09-06T04:00:00Z,2023-09-07T04:00:00Z,AVGO,MarketOnOpen,Filled,sell,-20,860.138769,-17202.77538,1.0,Reached fair value
275,2023-09-06T04:00:00Z,2023-09-07T04:00:00Z,UNH,MarketOnOpen,Filled,sell,-36,476.708622166,-17161.510397976,1.0,Reached fair value
276,2023-09-06T04:00:00Z,2023-09-07T04:00:00Z,NKE,MarketOnOpen,Filled,sell,-169,99.07130684,-16743.05085596,1.0,Reached fair value
277,2023-09-07T04:00:00Z,2023-09-08T04:00:00Z,AVGO,MarketOnOpen,Filled,buy,20,847.3229478,16946.458956,1.0,
278,2023-09-07T04:00:00Z,2023-09-08T04:00:00Z,UNH,MarketOnOpen,Filled,buy,36,474.54306826,17083.55045736,1.0,
279,2023-09-07T04:00:00Z,2023-09-08T04:00:00Z,NKE,MarketOnOpen,Filled,buy,173,97.82000525,16922.86090825,1.0,
280,2023-09-08T04:00:00Z,2023-09-09T04:00:00Z,AVGO,MarketOnOpen,Filled,sell,-20,842.886702,-16857.73404,1.0,Reached fair value
281,2023-09-08T04:00:00Z,2023-09-09T04:00:00Z,UNH,MarketOnOpen,Filled,sell,-36,476.678322511,-17160.419610396,1.0,Reached fair value
282,2023-09-08T04:00:00Z,2023-09-09T04:00:00Z,NKE,MarketOnOpen,Filled,sell,-173,97.353249895,-16842.112231835,1.0,Reached fair value
283,2023-09-09T04:00:00Z,2023-09-12T04:00:00Z,AVGO,MarketOnOpen,Filled,buy,20,856.461614148,17129.23228296,1.0,
284,2023-09-09T04:00:00Z,2023-09-12T04:00:00Z,UNH,MarketOnOpen,Filled,buy,36,478.455232062,17224.388354232,1.0,
285,2023-09-09T04:00:00Z,2023-09-12T04:00:00Z,NKE,MarketOnOpen,Filled,buy,178,97.651178845,17381.90983441,1.0,
286,2023-09-12T04:00:00Z,2023-09-13T04:00:00Z,AVGO,MarketOnOpen,Filled,sell,-20,838.194139776,-16763.88279552,1.0,Reached fair value
287,2023-09-12T04:00:00Z,2023-09-13T04:00:00Z,UNH,MarketOnOpen,Filled,sell,-36,473.888872322,-17059.999403592,1.0,Reached fair value
288,2023-09-13T04:00:00Z,2023-09-14T04:00:00Z,AVGO,MarketOnOpen,Filled,buy,20,834.625426488,16692.50852976,1.0,
289,2023-09-13T04:00:00Z,2023-09-14T04:00:00Z,UNH,MarketOnOpen,Filled,buy,36,477.909254267,17204.733153612,1.0,
290,2023-09-14T04:00:00Z,2023-09-15T04:00:00Z,AVGO,MarketOnOpen,Filled,sell,-20,846.859606572,-16937.19213144,1.0,Reached fair value
291,2023-09-14T04:00:00Z,2023-09-15T04:00:00Z,UNH,MarketOnOpen,Filled,sell,-36,479.100478547,-17247.617227692,1.0,Reached fair value
292,2023-09-15T04:00:00Z,2023-09-16T04:00:00Z,AVGO,MarketOnOpen,Filled,buy,20,855.860256384,17117.20512768,1.0,
293,2023-09-15T04:00:00Z,2023-09-16T04:00:00Z,UNH,MarketOnOpen,Filled,buy,36,482.187734806,17358.758453016,1.0,
294,2023-09-16T04:00:00Z,2023-09-19T04:00:00Z,AVGO,MarketOnOpen,Filled,sell,-20,829.13434002,-16582.6868004,1.0,Reached fair value
295,2023-09-16T04:00:00Z,2023-09-19T04:00:00Z,UNH,MarketOnOpen,Filled,sell,-36,484.838208829,-17454.175517844,1.0,Reached fair value
296,2023-09-19T04:00:00Z,2023-09-20T04:00:00Z,AVGO,MarketOnOpen,Filled,buy,20,834.004352076,16680.08704152,1.0,
297,2023-09-19T04:00:00Z,2023-09-20T04:00:00Z,UNH,MarketOnOpen,Filled,buy,35,480.222214744,16807.77751604,1.0,
298,2023-09-20T04:00:00Z,2023-09-21T04:00:00Z,AVGO,MarketOnOpen,Filled,sell,-20,842.511447984,-16850.22895968,1.0,Reached fair value
299,2023-09-20T04:00:00Z,2023-09-21T04:00:00Z,UNH,MarketOnOpen,Filled,sell,-35,479.219600975,-16772.686034125,1.0,Reached fair value
300,2023-09-21T04:00:00Z,2023-09-22T04:00:00Z,AVGO,MarketOnOpen,Filled,buy,20,789.9876752,15799.753504,1.0,
301,2023-09-21T04:00:00Z,2023-09-22T04:00:00Z,UNH,MarketOnOpen,Filled,buy,34,490.575939111,16679.581929774,1.0,
302,2023-09-22T04:00:00Z,2023-09-23T04:00:00Z,UNH,MarketOnOpen,Filled,sell,-34,495.3507631,-16841.9259454,1.0,Reached fair value
303,2023-10-07T04:00:00Z,2023-10-10T04:00:00Z,AVGO,MarketOnOpen,Filled,sell,-20,833.065296736,-16661.30593472,1.0,Reached fair value
304,2023-10-10T04:00:00Z,2023-10-11T04:00:00Z,AVGO,MarketOnOpen,Filled,buy,20,849.60845144,16992.1690288,1.0,
305,2023-10-11T04:00:00Z,2023-10-12T04:00:00Z,AVGO,MarketOnOpen,Filled,sell,-20,852.145927536,-17042.91855072,1.0,Reached fair value
306,2023-10-11T04:00:00Z,2023-10-12T04:00:00Z,NKE,MarketOnOpen,Filled,sell,-178,97.631316915,-17378.37441087,1.0,Reached fair value
307,2023-10-12T04:00:00Z,2023-10-13T04:00:00Z,AVGO,MarketOnOpen,Filled,buy,19,868.718818288,16505.657547472,1.0,
308,2023-10-12T04:00:00Z,2023-10-14T04:00:00Z,NKE,MarketOnOpen,Filled,buy,176,98.763446925,17382.3666588,1.0,
309,2023-10-13T04:00:00Z,2023-10-14T04:00:00Z,AVGO,MarketOnOpen,Filled,sell,-19,901.0022544,-17119.0428336,1.0,Reached fair value
310,2023-10-13T04:00:00Z,2023-10-14T04:00:00Z,NKE,MarketOnOpen,Filled,buy,1,98.763446925,98.763446925,1.0,
311,2023-10-14T04:00:00Z,2023-10-17T04:00:00Z,AVGO,MarketOnOpen,Filled,buy,20,883.130889552,17662.61779104,1.0,
312,2023-10-14T04:00:00Z,2023-10-17T04:00:00Z,NKE,MarketOnOpen,Filled,sell,-177,98.9124114,-17507.4968178,1.0,Reached fair value
313,2023-10-17T04:00:00Z,2023-10-18T04:00:00Z,AVGO,MarketOnOpen,Filled,sell,-20,877.36209624,-17547.2419248,1.0,Reached fair value
314,2023-10-17T04:00:00Z,2023-10-18T04:00:00Z,NKE,MarketOnOpen,Filled,buy,173,101.444807475,17549.951693175,1.0,
315,2023-10-18T04:00:00Z,2023-10-19T04:00:00Z,AVGO,MarketOnOpen,Filled,buy,19,872.257408,16572.890752,1.0,
316,2023-10-18T04:00:00Z,2023-10-19T04:00:00Z,NKE,MarketOnOpen,Filled,sell,-173,102.418042045,-17718.321273785,1.0,Reached fair value
317,2023-10-19T04:00:00Z,2023-10-20T04:00:00Z,AVGO,MarketOnOpen,Filled,sell,-19,879.215643232,-16705.097221408,1.0,Reached fair value
318,2023-10-19T04:00:00Z,2023-10-20T04:00:00Z,NKE,MarketOnOpen,Filled,buy,170,103.053623805,17519.11604685,1.0,
319,2023-10-20T04:00:00Z,2023-10-21T04:00:00Z,AVGO,MarketOnOpen,Filled,buy,20,867.20227984,17344.0455968,1.0,
320,2023-10-20T04:00:00Z,2023-10-21T04:00:00Z,NKE,MarketOnOpen,Filled,sell,-170,102.60673038,-17443.1441646,1.0,Reached fair value
321,2023-10-21T04:00:00Z,2023-10-24T04:00:00Z,AVGO,MarketOnOpen,Filled,sell,-20,850.411324736,-17008.22649472,1.0,Reached fair value
322,2023-10-21T04:00:00Z,2023-10-24T04:00:00Z,NKE,MarketOnOpen,Filled,buy,170,101.424945545,17242.24074265,1.0,
323,2023-10-24T04:00:00Z,2023-10-25T04:00:00Z,AVGO,MarketOnOpen,Filled,buy,20,856.3981824,17127.963648,1.0,
324,2023-10-24T04:00:00Z,2023-10-25T04:00:00Z,NKE,MarketOnOpen,Filled,sell,-170,102.94438319,-17500.5451423,1.0,Reached fair value
325,2023-10-25T04:00:00Z,2023-10-26T04:00:00Z,AVGO,MarketOnOpen,Filled,sell,-20,869.353187312,-17387.06374624,1.0,Reached fair value
326,2023-10-25T04:00:00Z,2023-10-26T04:00:00Z,NKE,MarketOnOpen,Filled,buy,166,103.73886039,17220.65082474,1.0,
327,2023-10-26T04:00:00Z,2023-10-27T04:00:00Z,AVGO,MarketOnOpen,Filled,buy,20,840.023531968,16800.47063936,1.0,
328,2023-10-26T04:00:00Z,2023-10-27T04:00:00Z,NKE,MarketOnOpen,Filled,sell,-166,101.47460037,-16844.78366142,1.0,Reached fair value
329,2023-10-27T04:00:00Z,2023-10-28T04:00:00Z,AAPL,MarketOnOpen,Filled,buy,103,166.44803112,17144.14720536,1.0,
330,2023-10-27T04:00:00Z,2023-10-28T04:00:00Z,NKE,MarketOnOpen,Filled,buy,173,99.21034035,17163.38888055,1.0,
331,2023-10-28T04:00:00Z,2023-10-31T04:00:00Z,AAPL,MarketOnOpen,Filled,sell,-103,168.5625435,-17361.9419805,1.0,Reached fair value
332,2023-10-28T04:00:00Z,2023-10-31T04:00:00Z,NKE,MarketOnOpen,Filled,sell,-173,98.3165535,-17008.7637555,1.0,Reached fair value
333,2023-10-31T04:00:00Z,2023-11-01T04:00:00Z,AVGO,MarketOnOpen,Filled,sell,-20,836.465118224,-16729.30236448,1.0,Reached fair value
334,2023-10-31T04:00:00Z,2023-11-01T04:00:00Z,NKE,MarketOnOpen,Filled,buy,170,100.6999851,17118.997467,1.0,
335,2023-11-01T04:00:00Z,2023-11-02T04:00:00Z,AVGO,MarketOnOpen,Filled,buy,20,834.5917472,16691.834944,1.0,
336,2023-11-01T04:00:00Z,2023-11-02T04:00:00Z,NKE,MarketOnOpen,Filled,sell,-170,101.842046075,-17313.14783275,1.0,Reached fair value
337,2023-11-02T04:00:00Z,2023-11-03T04:00:00Z,AVGO,MarketOnOpen,Filled,sell,-20,854.4157792,-17088.315584,1.0,Reached fair value
338,2023-11-02T04:00:00Z,2023-11-03T04:00:00Z,NKE,MarketOnOpen,Filled,buy,173,101.345497825,17532.771123725,1.0,
339,2023-11-03T04:00:00Z,2023-11-04T04:00:00Z,AVGO,MarketOnOpen,Filled,buy,20,869.779404,17395.58808,1.0,
340,2023-11-03T04:00:00Z,2023-11-04T04:00:00Z,NKE,MarketOnOpen,Filled,sell,-173,105.78463918,-18300.74257814,1.0,Reached fair value
341,2023-11-04T04:00:00Z,2023-11-07T05:00:00Z,AVGO,MarketOnOpen,Filled,sell,-20,873.803682496,-17476.07364992,1.0,Reached fair value
342,2023-11-04T04:00:00Z,2023-11-07T05:00:00Z,NKE,MarketOnOpen,Filled,buy,165,106.4599448,17565.890892,1.0,
343,2023-11-07T05:00:00Z,2023-11-08T05:00:00Z,AVGO,MarketOnOpen,Filled,buy,20,874.556995712,17491.13991424,1.0,
344,2023-11-07T05:00:00Z,2023-11-08T05:00:00Z,NKE,MarketOnOpen,Filled,sell,-165,106.57911638,-17585.5542027,1.0,Reached fair value
345,2023-11-08T05:00:00Z,2023-11-09T05:00:00Z,AVGO,MarketOnOpen,Filled,sell,-20,892.08144,-17841.6288,1.0,Reached fair value
346,2023-11-09T05:00:00Z,2023-11-10T05:00:00Z,AVGO,MarketOnOpen,Filled,buy,19,904.47146,17184.95774,1.0,
347,2023-11-10T05:00:00Z,2023-11-11T05:00:00Z,AVGO,MarketOnOpen,Filled,sell,-19,913.630162784,-17358.973092896,1.0,Reached fair value
348,2023-11-10T05:00:00Z,2023-11-11T05:00:00Z,NKE,MarketOnOpen,Filled,buy,165,106.59897831,17588.83142115,1.0,
349,2023-11-11T05:00:00Z,2023-11-14T05:00:00Z,NKE,MarketOnOpen,Filled,sell,-165,104.53333759,-17248.00070235,1.0,Reached fair value
350,2023-11-14T05:00:00Z,2023-11-15T05:00:00Z,NKE,MarketOnOpen,Filled,buy,170,104.83126654,17821.3153118,1.0,
351,2023-11-15T05:00:00Z,2023-11-16T05:00:00Z,NKE,MarketOnOpen,Filled,sell,-170,106.30104936,-18071.1783912,1.0,Reached fair value
352,2023-11-18T05:00:00Z,2023-11-21T05:00:00Z,NKE,MarketOnOpen,Filled,buy,167,105.268229,17579.794243,1.0,
353,2023-11-21T05:00:00Z,2023-11-22T05:00:00Z,NKE,MarketOnOpen,Filled,sell,-167,105.437055405,-17607.988252635,1.0,Reached fair value
354,2023-11-22T05:00:00Z,2023-11-23T05:00:00Z,NKE,MarketOnOpen,Filled,buy,167,106.75787375,17828.56491625,1.0,
355,2023-11-23T05:00:00Z,2023-11-25T05:00:00Z,NKE,MarketOnOpen,Filled,sell,-167,106.75787375,-17828.56491625,1.0,Reached fair value
356,2023-12-01T05:00:00Z,2023-12-02T05:00:00Z,AVGO,MarketOnOpen,Filled,buy,19,914.343827936,17372.532730784,1.0,
357,2023-12-02T05:00:00Z,2023-12-05T05:00:00Z,AVGO,MarketOnOpen,Filled,sell,-19,912.539841024,-17338.256979456,1.0,Reached fair value
358,2023-12-05T05:00:00Z,2023-12-06T05:00:00Z,AVGO,MarketOnOpen,Filled,buy,19,903.57937856,17168.00819264,1.0,
359,2023-12-06T05:00:00Z,2023-12-07T05:00:00Z,AVGO,MarketOnOpen,Filled,sell,-19,912.262304576,-17332.983786944,1.0,Reached fair value
360,2023-12-07T05:00:00Z,2023-12-08T05:00:00Z,AVGO,MarketOnOpen,Filled,buy,19,897.572696864,17053.881240416,1.0,
361,2023-12-08T05:00:00Z,2023-12-09T05:00:00Z,AVGO,MarketOnOpen,Filled,sell,-19,919.676492544,-17473.853358336,1.0,Reached fair value
362,2023-12-28T05:00:00Z,2023-12-29T05:00:00Z,NKE,MarketOnOpen,Filled,buy,166,106.6190693,17698.7655038,1.0,
363,2023-12-29T05:00:00Z,2023-12-30T05:00:00Z,NKE,MarketOnOpen,Filled,sell,-166,108.572091504,-18022.967189664,1.0,Reached fair value
