symbol,direction,quantity,entry_time,entry_price,exit_time,exit_price,profit_loss,total_fees,mae,mfe,end_trade_drawdown,duration,is_win,order_ids
UNH,long,29,2023-01-07T05:00:00Z,481.700445824,2023-01-10T05:00:00Z,483.201834518,43.54,2.0,,,,3.00:00:00,True,5 6
UNH,long,29,2023-01-11T05:00:00Z,479.70840723,2023-01-12T05:00:00Z,476.214979942,-101.31,2.0,,,,1.00:00:00,False,7 8
UNH,long,29,2023-01-13T05:00:00Z,480.836902,2023-01-14T05:00:00Z,477.019645778,-110.7,2.0,,,,1.00:00:00,False,9 10
UNH,long,29,2023-01-18T05:00:00Z,482.01446176,2023-01-19T05:00:00Z,478.3836525,-105.29,2.0,,,,1.00:00:00,False,11 12
UNH,long,30,2023-01-20T05:00:00Z,469.424385326,2023-01-21T05:00:00Z,476.450491894,210.78,2.0,,,,1.00:00:00,True,13 14
UNH,long,30,2023-01-24T05:00:00Z,477.215905738,2023-01-25T05:00:00Z,490.905037948,410.67,2.0,,,,1.00:00:00,True,15 16
UNH,long,30,2023-01-26T05:00:00Z,480.130366144,2023-01-27T05:00:00Z,483.2901515,94.79,2.0,,,,1.00:00:00,True,17 18
UNH,long,30,2023-01-28T05:00:00Z,484.143882326,2023-01-31T05:00:00Z,479.31588731,-144.84,2.0,,,,3.00:00:00,False,19 20
UNH,long,30,2023-02-01T05:00:00Z,488.6873004,2023-02-02T05:00:00Z,490.60083501,57.41,2.0,,,,1.00:00:00,True,21 22
UNH,long,29,2023-02-03T05:00:00Z,485.743401,2023-02-04T05:00:00Z,466.617867898,-554.64,2.0,,,,1.00:00:00,False,23 24
UNH,long,31,2023-02-07T05:00:00Z,463.1735056,2023-02-08T05:00:00Z,461.99594584,-36.5,2.0,,,,1.00:00:00,False,25 26
AAPL,long,112,2023-01-05T05:00:00Z,126.1331234,2023-02-09T05:00:00Z,152.720396734,2977.77,2.0,,,,35.00:00:00,True,1 27
UNH,long,31,2023-02-09T05:00:00Z,466.578615906,2023-02-10T05:00:00Z,476.548621874,309.07,2.0,,,,1.00:00:00,True,28 30
UNH,long,30,2023-02-11T05:00:00Z,479.992984172,2023-02-14T05:00:00Z,484.7621012,143.07,2.0,,,,3.00:00:00,True,31 32
UNH,long,30,2023-02-15T05:00:00Z,485.046678142,2023-02-16T05:00:00Z,480.49344707,-136.6,2.0,,,,1.00:00:00,False,33 34
AAPL,long,97,2023-02-10T05:00:00Z,152.710464992,2023-02-17T05:00:00Z,152.575591134,-13.08,2.0,,,,7.00:00:00,False,29 35
UNH,long,30,2023-02-17T05:00:00Z,481.96539677,2023-02-18T05:00:00Z,478.265896524,-110.99,2.0,,,,1.00:00:00,False,36 38
UNH,long,29,2023-02-22T05:00:00Z,487.41161066,2023-02-23T05:00:00Z,483.92799637,-101.02,2.0,,,,1.00:00:00,False,39 40
UNH,long,30,2023-02-24T05:00:00Z,477.559360668,2023-02-25T05:00:00Z,480.424756084,85.96,2.0,,,,1.00:00:00,True,41 42
UNH,long,30,2023-02-28T05:00:00Z,479.629903246,2023-03-01T05:00:00Z,473.643974466,-179.58,2.0,,,,1.00:00:00,False,43 44
UNH,long,31,2023-03-02T05:00:00Z,464.753398278,2023-03-03T05:00:00Z,466.323477958,48.67,2.0,,,,1.00:00:00,True,45 46
UNH,long,31,2023-03-04T05:00:00Z,469.002426412,2023-03-07T05:00:00Z,472.368284726,104.34,2.0,,,,3.00:00:00,True,47 48
UNH,long,31,2023-03-08T05:00:00Z,473.948177404,2023-03-09T05:00:00Z,462.643603708,-350.44,2.0,,,,1.00:00:00,False,49 50
UNH,long,31,2023-03-10T05:00:00Z,465.08704021,2023-03-11T05:00:00Z,455.733535873,-289.96,2.0,,,,1.00:00:00,False,51 52
UNH,long,31,2023-03-14T04:00:00Z,451.676180885,2023-03-15T04:00:00Z,457.584950285,183.17,2.0,,,,1.00:00:00,True,53 54
UNH,long,32,2023-03-16T04:00:00Z,453.980600951,2023-03-17T04:00:00Z,457.644037979,117.23,2.0,,,,1.00:00:00,True,55 56
AAPL,long,96,2023-02-18T05:00:00Z,151.64058197,2023-03-18T04:00:00Z,155.340831002,355.22,2.0,,,,27.23:00:00,True,37 57
UNH,long,31,2023-03-18T04:00:00Z,464.222467911,2023-03-21T04:00:00Z,462.853603,-42.43,2.0,,,,3.00:00:00,False,58 60
AAPL,long,94,2023-03-21T04:00:00Z,154.316299684,2023-03-22T04:00:00Z,156.51456591,206.64,2.0,,,,1.00:00:00,True,59 61
UNH,long,31,2023-03-22T04:00:00Z,471.116032211,2023-03-23T04:00:00Z,474.621902055,108.68,2.0,,,,1.00:00:00,True,62 64
AAPL,long,93,2023-03-23T04:00:00Z,158.434318768,2023-03-24T04:00:00Z,157.90713275,-49.03,2.0,,,,1.00:00:00,False,63 65
UNH,long,31,2023-03-24T04:00:00Z,470.150933209,2023-03-25T04:00:00Z,461.849112202,-257.36,2.0,,,,1.00:00:00,False,66 68
AAPL,long,93,2023-03-25T04:00:00Z,158.026495622,2023-03-28T04:00:00Z,159.080867658,98.06,2.0,,,,3.00:00:00,True,67 69
UNH,long,31,2023-03-28T04:00:00Z,478.167163695,2023-03-29T04:00:00Z,474.6711418,-108.38,2.0,,,,1.00:00:00,False,70 72
AAPL,long,94,2023-03-29T04:00:00Z,157.171061706,2023-03-30T04:00:00Z,158.523840922,127.16,2.0,,,,1.00:00:00,True,71 73
UNH,long,31,2023-03-30T04:00:00Z,468.594957267,2023-03-31T04:00:00Z,459.475756493,-282.7,2.0,,,,1.00:00:00,False,74 76
AAPL,long,93,2023-03-31T04:00:00Z,160.69226643,2023-04-01T04:00:00Z,161.497965816,74.93,2.0,,,,1.00:00:00,True,75 77
UNH,long,32,2023-04-01T04:00:00Z,464.350491248,2023-04-04T04:00:00Z,477.6255265,424.8,2.0,,,,3.00:00:00,True,78 80
AAPL,long,91,2023-04-04T04:00:00Z,163.517187734,2023-04-05T04:00:00Z,165.66571943,195.52,2.0,,,,1.00:00:00,True,79 81
UNH,long,31,2023-04-05T04:00:00Z,485.533429547,2023-04-06T04:00:00Z,490.4278602,151.73,2.0,,,,1.00:00:00,True,82 84
AAPL,long,92,2023-04-06T04:00:00Z,163.92501088,2023-04-07T04:00:00Z,161.527806534,-220.54,2.0,,,,1.00:00:00,False,83 85
AAPL,long,92,2023-04-11T04:00:00Z,160.652478806,2023-04-12T04:00:00Z,161.398496756,68.63,2.0,,,,1.00:00:00,True,86 87
AAPL,long,94,2023-04-13T04:00:00Z,160.34412472,2023-04-14T04:00:00Z,160.771841678,40.21,2.0,,,,1.00:00:00,True,88 89
AAPL,long,92,2023-04-15T04:00:00Z,163.716125854,2023-04-18T04:00:00Z,164.163736624,41.18,2.0,,,,3.00:00:00,True,90 91
AAPL,long,93,2023-04-19T04:00:00Z,165.1186396,2023-04-20T04:00:00Z,164.979382916,-12.95,2.0,,,,1.00:00:00,False,92 93
AAPL,long,91,2023-04-21T04:00:00Z,165.1186396,2023-04-22T04:00:00Z,164.143842812,-88.71,2.0,,,,1.00:00:00,False,94 96
UNH,long,32,2023-04-21T04:00:00Z,478.088380103,2023-04-22T04:00:00Z,482.588892796,144.02,2.0,,,,1.00:00:00,True,95 97
AAPL,long,93,2023-04-25T04:00:00Z,164.123949,2023-04-26T04:00:00Z,164.352727838,21.28,2.0,,,,1.00:00:00,True,98 100
UNH,long,32,2023-04-25T04:00:00Z,476.059702609,2023-04-26T04:00:00Z,485.769780323,310.72,2.0,,,,1.00:00:00,True,99 101
AAPL,long,94,2023-04-27T04:00:00Z,162.1345678,2023-04-28T04:00:00Z,164.501931428,222.53,2.0,,,,1.00:00:00,True,102 104
UNH,long,31,2023-04-27T04:00:00Z,478.482298063,2023-04-28T04:00:00Z,474.86810078,-112.04,2.0,,,,1.00:00:00,False,103 105
AAPL,long,91,2023-04-29T04:00:00Z,167.684941348,2023-05-02T04:00:00Z,168.480693828,72.41,2.0,,,,3.00:00:00,True,106 108
UNH,long,31,2023-04-29T04:00:00Z,481.259419681,2023-05-02T04:00:00Z,487.069709591,180.12,2.0,,,,3.00:00:00,True,107 109
AAPL,long,91,2023-05-03T04:00:00Z,169.097402,2023-05-04T04:00:00Z,168.610003606,-44.35,2.0,,,,1.00:00:00,False,110 112
UNH,long,31,2023-05-03T04:00:00Z,487.719674225,2023-05-04T04:00:00Z,486.88259856,-25.95,2.0,,,,1.00:00:00,False,111 113
AAPL,long,91,2023-05-05T04:00:00Z,163.87527635,2023-05-06T04:00:00Z,170.0920926,565.73,2.0,,,,1.00:00:00,True,114 116
UNH,long,31,2023-05-05T04:00:00Z,479.644356045,2023-05-06T04:00:00Z,486.547768294,214.01,2.0,,,,1.00:00:00,True,115 117
UNH,long,31,2023-05-09T04:00:00Z,484.558482596,2023-05-10T04:00:00Z,485.346318516,24.42,2.0,,,,1.00:00:00,True,118 119
UNH,long,31,2023-05-11T04:00:00Z,481.95862406,2023-05-12T04:00:00Z,480.5799112,-42.74,2.0,,,,1.00:00:00,False,120 121
UNH,long,31,2023-05-13T04:00:00Z,481.328355324,2023-05-16T04:00:00Z,483.92821386,80.6,2.0,,,,3.00:00:00,True,122 123
UNH,long,32,2023-05-17T04:00:00Z,480.205689138,2023-05-18T04:00:00Z,472.701552,-240.13,2.0,,,,1.00:00:00,False,124 125
UNH,long,32,2023-05-19T04:00:00Z,474.720381545,2023-05-20T04:00:00Z,472.287938142,-77.84,2.0,,,,1.00:00:00,False,126 127
UNH,long,32,2023-05-23T04:00:00Z,473.134861756,2023-05-24T04:00:00Z,468.939635482,-134.25,2.0,,,,1.00:00:00,False,128 129
UNH,long,32,2023-05-25T04:00:00Z,473.302276889,2023-05-26T04:00:00Z,470.367588087,-93.91,2.0,,,,1.00:00:00,False,130 131
NKE,long,144,2023-05-26T04:00:00Z,106.890449655,2023-05-27T04:00:00Z,105.5586351,-191.78,2.0,,,,1.00:00:00,False,132 134
UNH,long,33,2023-05-27T04:00:00Z,470.791049894,2023-05-31T04:00:00Z,469.432032932,-44.85,2.0,,,,4.00:00:00,False,133 135
NKE,long,149,2023-05-31T04:00:00Z,106.93977612,2023-06-01T04:00:00Z,104.157763494,-414.52,2.0,,,,1.00:00:00,False,136 138
UNH,long,33,2023-06-01T04:00:00Z,470.850137588,2023-06-02T04:00:00Z,480.373104271,314.26,2.0,,,,1.00:00:00,True,137 139
NKE,long,151,2023-06-02T04:00:00Z,102.5990472,2023-06-03T04:00:00Z,106.529666221,593.52,2.0,,,,1.00:00:00,True,140 142
UNH,long,32,2023-06-03T04:00:00Z,484.5190908,2023-06-06T04:00:00Z,493.08680643,274.17,2.0,,,,3.00:00:00,True,141 143
NKE,long,148,2023-06-06T04:00:00Z,106.40099525,2023-06-07T04:00:00Z,104.411544083,-294.44,2.0,,,,1.00:00:00,False,144 146
UNH,long,32,2023-06-07T04:00:00Z,492.29897051,2023-06-08T04:00:00Z,482.500261255,-313.56,2.0,,,,1.00:00:00,False,145 147
NKE,long,149,2023-06-08T04:00:00Z,104.955921268,2023-06-09T04:00:00Z,105.995186803,154.85,2.0,,,,1.00:00:00,True,148 150
UNH,long,33,2023-06-09T04:00:00Z,477.024801611,2023-06-10T04:00:00Z,482.539653051,181.99,2.0,,,,1.00:00:00,True,149 151
NKE,long,150,2023-06-10T04:00:00Z,104.827250297,2023-06-13T04:00:00Z,105.203365443,56.42,2.0,,,,3.00:00:00,True,152 154
AVGO,long,25,2023-01-05T05:00:00Z,548.127401794,2023-06-14T04:00:00Z,844.431053153,7407.59,2.0,,,,159.23:00:00,True,2 155
UNH,long,32,2023-06-13T04:00:00Z,484.81452927,2023-06-14T04:00:00Z,483.406272563,-45.06,2.0,,,,1.00:00:00,False,153 156
NKE,long,151,2023-06-14T04:00:00Z,106.044675638,2023-06-15T04:00:00Z,106.806803697,115.08,2.0,,,,1.00:00:00,True,157 160
AVGO,long,19,2023-06-15T04:00:00Z,839.224024142,2023-06-16T04:00:00Z,867.259609721,532.68,2.0,,,,1.00:00:00,True,158 161
UNH,long,33,2023-06-15T04:00:00Z,447.461258713,2023-06-16T04:00:00Z,456.832990426,309.27,2.0,,,,1.00:00:00,True,159 162
AVGO,long,18,2023-06-17T04:00:00Z,872.584311704,2023-06-21T04:00:00Z,845.931383546,-479.75,2.0,,,,4.00:00:00,False,163 165
UNH,long,35,2023-06-17T04:00:00Z,460.936665636,2023-06-21T04:00:00Z,451.65148245,-324.98,2.0,,,,4.00:00:00,False,164 166
AVGO,long,18,2023-06-22T04:00:00Z,847.815864,2023-06-23T04:00:00Z,833.117102916,-264.58,2.0,,,,1.00:00:00,False,167 169
UNH,long,34,2023-06-22T04:00:00Z,463.71529873,2023-06-23T04:00:00Z,472.842267932,310.32,2.0,,,,1.00:00:00,True,168 170
UNH,long,33,2023-06-24T04:00:00Z,472.990593542,2023-06-27T04:00:00Z,472.802714436,-6.2,2.0,,,,3.00:00:00,False,172 173
AVGO,long,19,2023-06-24T04:00:00Z,822.194079924,2023-06-29T04:00:00Z,826.847208852,88.41,2.0,,,,5.00:00:00,True,171 175
UNH,long,33,2023-06-28T04:00:00Z,472.792826062,2023-06-29T04:00:00Z,476.580073304,124.98,2.0,,,,1.00:00:00,True,174 176
AVGO,long,19,2023-06-30T04:00:00Z,842.34449418,2023-07-01T04:00:00Z,856.215156048,263.54,2.0,,,,1.00:00:00,True,177 179
UNH,long,34,2023-06-30T04:00:00Z,469.776871992,2023-07-01T04:00:00Z,471.62599793,62.87,2.0,,,,1.00:00:00,True,178 180
AVGO,long,18,2023-07-04T04:00:00Z,856.313739288,2023-07-06T04:00:00Z,855.11102376,-21.65,2.0,,,,2.00:00:00,False,181 183
UNH,long,34,2023-07-04T04:00:00Z,472.76316094,2023-07-06T04:00:00Z,470.716267522,-69.59,2.0,,,,2.00:00:00,False,182 184
AVGO,long,18,2023-07-07T04:00:00Z,833.028378,2023-07-08T04:00:00Z,838.381447932,96.36,2.0,,,,1.00:00:00,True,185 188
UNH,long,34,2023-07-07T04:00:00Z,464.634917512,2023-07-08T04:00:00Z,459.809391,-164.07,2.0,,,,1.00:00:00,False,186 189
NKE,long,152,2023-07-07T04:00:00Z,104.213588743,2023-07-08T04:00:00Z,103.72859816,-73.72,2.0,,,,1.00:00:00,False,187 190
AVGO,long,19,2023-07-11T04:00:00Z,836.261908272,2023-07-12T04:00:00Z,869.030977248,622.61,2.0,,,,1.00:00:00,True,191 194
UNH,long,35,2023-07-11T04:00:00Z,454.865204,2023-07-12T04:00:00Z,457.208748638,82.02,2.0,,,,1.00:00:00,True,192 195
NKE,long,154,2023-07-11T04:00:00Z,103.43166515,2023-07-12T04:00:00Z,104.569908355,175.29,2.0,,,,1.00:00:00,True,193 196
AVGO,long,18,2023-07-13T04:00:00Z,876.4050036,2023-07-14T04:00:00Z,886.204177656,176.39,2.0,,,,1.00:00:00,True,197 200
UNH,long,35,2023-07-13T04:00:00Z,457.8317162,2023-07-14T04:00:00Z,446.9545048,-380.7,2.0,,,,1.00:00:00,False,198 201
NKE,long,151,2023-07-13T04:00:00Z,107.024554571,2023-07-14T04:00:00Z,107.954944669,140.49,2.0,,,,1.00:00:00,True,199 202
AVGO,long,18,2023-07-15T04:00:00Z,873.605239584,2023-07-18T04:00:00Z,877.173952872,64.24,2.0,,,,3.00:00:00,True,203 206
UNH,long,36,2023-07-15T04:00:00Z,454.973976114,2023-07-18T04:00:00Z,475.739561514,747.56,2.0,,,,3.00:00:00,True,204 207
NKE,long,151,2023-07-15T04:00:00Z,106.836496998,2023-07-18T04:00:00Z,106.163448842,-101.63,2.0,,,,3.00:00:00,False,205 208
AVGO,long,18,2023-07-19T04:00:00Z,893.144437752,2023-07-20T04:00:00Z,884.557837548,-154.56,2.0,,,,1.00:00:00,False,209 211
UNH,long,33,2023-07-19T04:00:00Z,484.530326,2023-07-20T04:00:00Z,501.874533996,572.36,2.0,,,,1.00:00:00,True,210 212
AVGO,long,18,2023-07-21T04:00:00Z,879.155475996,2023-07-22T04:00:00Z,891.675547476,225.36,2.0,,,,1.00:00:00,True,213 214
NKE,long,153,2023-07-22T04:00:00Z,106.628643891,2023-07-25T04:00:00Z,109.281245447,405.85,2.0,,,,3.00:00:00,True,215 217
AVGO,long,18,2023-07-25T04:00:00Z,888.03782592,2023-07-26T04:00:00Z,887.860376088,-3.19,2.0,,,,1.00:00:00,False,216 218
AVGO,long,18,2023-07-27T04:00:00Z,896.1216516,2023-07-28T04:00:00Z,895.6287354,-8.87,2.0,,,,1.00:00:00,False,219 220
AVGO,long,18,2023-07-29T04:00:00Z,886.578793968,2023-08-01T04:00:00Z,884.784579,-32.3,2.0,,,,3.00:00:00,False,221 223
NKE,long,153,2023-07-29T04:00:00Z,107.004759037,2023-08-01T04:00:00Z,108.301366514,198.38,2.0,,,,3.00:00:00,True,222 224
AVGO,long,18,2023-08-02T04:00:00Z,886.243610952,2023-08-03T04:00:00Z,899.37489852,236.36,2.0,,,,1.00:00:00,True,225 226
AVGO,long,18,2023-08-04T04:00:00Z,874.058722488,2023-08-05T04:00:00Z,872.441957352,-29.1,2.0,,,,1.00:00:00,False,227 229
NKE,long,154,2023-08-04T04:00:00Z,105.9061069,2023-08-05T04:00:00Z,107.598625057,260.65,2.0,,,,1.00:00:00,True,228 230
AVGO,long,18,2023-08-08T04:00:00Z,874.354472208,2023-08-09T04:00:00Z,876.414861924,37.09,2.0,,,,1.00:00:00,True,231 232
AVGO,long,19,2023-08-10T04:00:00Z,870.213976128,2023-08-11T04:00:00Z,841.033337088,-554.43,2.0,,,,1.00:00:00,False,233 234
AVGO,long,20,2023-08-12T04:00:00Z,822.194079924,2023-08-16T04:00:00Z,837.178732404,299.69,2.0,,,,4.00:00:00,True,235 236
NKE,long,158,2023-08-16T04:00:00Z,104.985614569,2023-08-17T04:00:00Z,104.985614569,0.0,2.0,,,,1.00:00:00,False,237 239
NKE,long,159,2023-08-18T04:00:00Z,106.331710881,2023-08-19T04:00:00Z,102.768514761,-566.55,2.0,,,,1.00:00:00,False,240 242
UNH,long,34,2023-08-19T04:00:00Z,489.256968772,2023-08-22T04:00:00Z,491.956494874,91.78,2.0,,,,3.00:00:00,True,241 243
AVGO,long,20,2023-08-17T04:00:00Z,835.778850396,2023-08-23T04:00:00Z,861.035876484,505.14,2.0,,,,6.00:00:00,True,238 245
NKE,long,161,2023-08-22T04:00:00Z,104.391748549,2023-08-23T04:00:00Z,100.06642437,-696.38,2.0,,,,1.00:00:00,False,244 246
AVGO,long,19,2023-08-24T04:00:00Z,838.716630948,2023-08-25T04:00:00Z,889.56586614,966.14,2.0,,,,1.00:00:00,True,247 250
UNH,long,34,2023-08-24T04:00:00Z,487.4968382,2023-08-25T04:00:00Z,485.944363482,-52.78,2.0,,,,1.00:00:00,False,248 251
NKE,long,167,2023-08-24T04:00:00Z,96.127113104,2023-08-25T04:00:00Z,97.69096029,261.16,2.0,,,,1.00:00:00,True,249 252
AVGO,long,20,2023-08-26T04:00:00Z,844.878083448,2023-08-29T04:00:00Z,844.257009036,-12.42,2.0,,,,3.00:00:00,False,253 256
UNH,long,35,2023-08-26T04:00:00Z,484.451219008,2023-08-29T04:00:00Z,485.014856326,19.73,2.0,,,,3.00:00:00,True,254 257
NKE,long,175,2023-08-26T04:00:00Z,97.49300495,2023-08-29T04:00:00Z,98.730225825,216.51,2.0,,,,3.00:00:00,True,255 258
AVGO,long,20,2023-08-30T04:00:00Z,846.23853216,2023-08-31T04:00:00Z,879.746975436,670.17,2.0,,,,1.00:00:00,True,259 262
UNH,long,35,2023-08-30T04:00:00Z,485.983916978,2023-08-31T04:00:00Z,488.475787226,87.22,2.0,,,,1.00:00:00,True,260 263
NKE,long,173,2023-08-30T04:00:00Z,99.07664767,2023-08-31T04:00:00Z,100.600903788,263.7,2.0,,,,1.00:00:00,True,261 264
AVGO,long,19,2023-09-01T04:00:00Z,885.287353524,2023-09-02T04:00:00Z,888.18570078,55.07,2.0,,,,1.00:00:00,True,265 268
UNH,long,35,2023-09-01T04:00:00Z,486.863982264,2023-09-02T04:00:00Z,473.6531146,-462.38,2.0,,,,1.00:00:00,False,266 269
NKE,long,170,2023-09-01T04:00:00Z,101.570884954,2023-09-02T04:00:00Z,101.266050105,-51.82,2.0,,,,1.00:00:00,False,267 270
AVGO,long,20,2023-09-06T04:00:00Z,857.191130124,2023-09-07T04:00:00Z,860.138769,58.95,2.0,,,,1.00:00:00,True,271 274
UNH,long,36,2023-09-06T04:00:00Z,473.475123868,2023-09-07T04:00:00Z,476.708622166,116.41,2.0,,,,1.00:00:00,True,272 275
NKE,long,169,2023-09-06T04:00:00Z,100.8986044,2023-09-07T04:00:00Z,99.07130684,-308.81,2.0,,,,1.00:00:00,False,273 276
AVGO,long,20,2023-09-08T04:00:00Z,847.3229478,2023-09-09T04:00:00Z,842.886702,-88.72,2.0,,,,1.00:00:00,False,277 280
UNH,long,36,2023-09-08T04:00:00Z,474.54306826,2023-09-09T04:00:00Z,476.678322511,76.87,2.0,,,,1.00:00:00,True,278 281
NKE,long,173,2023-09-08T04:00:00Z,97.82000525,2023-09-09T04:00:00Z,97.353249895,-80.75,2.0,,,,1.00:00:00,False,279 282
AVGO,long,20,2023-09-12T04:00:00Z,856.461614148,2023-09-13T04:00:00Z,838.194139776,-365.35,2.0,,,,1.00:00:00,False,283 286
UNH,long,36,2023-09-12T04:00:00Z,478.455232062,2023-09-13T04:00:00Z,473.888872322,-164.39,2.0,,,,1.00:00:00,False,284 287
AVGO,long,20,2023-09-14T04:00:00Z,834.625426488,2023-09-15T04:00:00Z,846.859606572,244.68,2.0,,,,1.00:00:00,True,288 290
UNH,long,36,2023-09-14T04:00:00Z,477.909254267,2023-09-15T04:00:00Z,479.100478547,42.88,2.0,,,,1.00:00:00,True,289 291
AVGO,long,20,2023-09-16T04:00:00Z,855.860256384,2023-09-19T04:00:00Z,829.13434002,-534.52,2.0,,,,3.00:00:00,False,292 294
UNH,long,36,2023-09-16T04:00:00Z,482.187734806,2023-09-19T04:00:00Z,484.838208829,95.42,2.0,,,,3.00:00:00,True,293 295
AVGO,long,20,2023-09-20T04:00:00Z,834.004352076,2023-09-21T04:00:00Z,842.511447984,170.14,2.0,,,,1.00:00:00,True,296 298
UNH,long,35,2023-09-20T04:00:00Z,480.222214744,2023-09-21T04:00:00Z,479.219600975,-35.09,2.0,,,,1.00:00:00,False,297 299
UNH,long,34,2023-09-22T04:00:00Z,490.575939111,2023-09-23T04:00:00Z,495.3507631,162.34,2.0,,,,1.00:00:00,True,301 302
AVGO,long,20,2023-09-22T04:00:00Z,789.9876752,2023-10-10T04:00:00Z,833.065296736,861.55,2.0,,,,18.00:00:00,True,300 303
AVGO,long,20,2023-10-11T04:00:00Z,849.60845144,2023-10-12T04:00:00Z,852.145927536,50.75,2.0,,,,1.00:00:00,True,304 305
NKE,long,178,2023-09-12T04:00:00Z,97.651178845,2023-10-12T04:00:00Z,97.631316915,-3.54,2.0,,,,30.00:00:00,False,285 306
AVGO,long,19,2023-10-13T04:00:00Z,868.718818288,2023-10-14T04:00:00Z,901.0022544,613.39,2.0,,,,1.00:00:00,True,307 309
NKE,long,176,2023-10-14T04:00:00Z,98.763446925,2023-10-17T04:00:00Z,98.9124114,26.22,1.9944,,,,3.00:00:00,True,308 312
NKE,long,1,2023-10-14T04:00:00Z,98.763446925,2023-10-17T04:00:00Z,98.9124114,0.15,1.0056,,,,3.00:00:00,True,310 312
AVGO,long,20,2023-10-17T04:00:00Z,883.130889552,2023-10-18T04:00:00Z,877.36209624,-115.38,2.0,,,,1.00:00:00,False,311 313
NKE,long,173,2023-10-18T04:00:00Z,101.444807475,2023-10-19T04:00:00Z,102.418042045,168.37,2.0,,,,1.00:00:00,True,314 316
AVGO,long,19,2023-10-19T04:00:00Z,872.257408,2023-10-20T04:00:00Z,879.215643232,132.21,2.0,,,,1.00:00:00,True,315 317
NKE,long,170,2023-10-20T04:00:00Z,103.053623805,2023-10-21T04:00:00Z,102.60673038,-75.97,2.0,,,,1.00:00:00,False,318 320
AVGO,long,20,2023-10-21T04:00:00Z,867.20227984,2023-10-24T04:00:00Z,850.411324736,-335.82,2.0,,,,3.00:00:00,False,319 321
NKE,long,170,2023-10-24T04:00:00Z,101.424945545,2023-10-25T04:00:00Z,102.94438319,258.3,2.0,,,,1.00:00:00,True,322 324
AVGO,long,20,2023-10-25T04:00:00Z,856.3981824,2023-10-26T04:00:00Z,869.353187312,259.1,2.0,,,,1.00:00:00,True,323 325
NKE,long,166,2023-10-26T04:00:00Z,103.73886039,2023-10-27T04:00:00Z,101.47460037,-375.87,2.0,,,,1.00:00:00,False,326 328
AAPL,long,103,2023-10-28T04:00:00Z,166.44803112,2023-10-31T04:00:00Z,168.5625435,217.79,2.0,,,,3.00:00:00,True,329 331
NKE,long,173,2023-10-28T04:00:00Z,99.21034035,2023-10-31T04:00:00Z,98.3165535,-154.63,2.0,,,,3.00:00:00,False,330 332
AVGO,long,20,2023-10-27T04:00:00Z,840.023531968,2023-11-01T04:00:00Z,836.465118224,-71.17,2.0,,,,5.00:00:00,False,327 333
NKE,long,170,2023-11-01T04:00:00Z,100.6999851,2023-11-02T04:00:00Z,101.842046075,194.15,2.0,,,,1.00:00:00,True,334 336
AVGO,long,20,2023-11-02T04:00:00Z,834.5917472,2023-11-03T04:00:00Z,854.4157792,396.48,2.0,,,,1.00:00:00,True,335 337
NKE,long,173,2023-11-03T04:00:00Z,101.345497825,2023-11-04T04:00:00Z,105.78463918,767.97,2.0,,,,1.00:00:00,True,338 340
AVGO,long,20,2023-11-04T04:00:00Z,869.779404,2023-11-07T05:00:00Z,873.803682496,80.49,2.0,,,,3.01:00:00,True,339 341
NKE,long,165,2023-11-07T05:00:00Z,106.4599448,2023-11-08T05:00:00Z,106.57911638,19.66,2.0,,,,1.00:00:00,True,342 344
AVGO,long,20,2023-11-08T05:00:00Z,874.556995712,2023-11-09T05:00:00Z,892.08144,350.49,2.0,,,,1.00:00:00,True,343 345
AVGO,long,19,2023-11-10T05:00:00Z,904.47146,2023-11-11T05:00:00Z,913.630162784,174.02,2.0,,,,1.00:00:00,True,346 347
NKE,long,165,2023-11-11T05:00:00Z,106.59897831,2023-11-14T05:00:00Z,104.53333759,-340.83,2.0,,,,3.00:00:00,False,348 349
NKE,long,170,2023-11-15T05:00:00Z,104.83126654,2023-11-16T05:00:00Z,106.30104936,249.86,2.0,,,,1.00:00:00,True,350 351
NKE,long,167,2023-11-21T05:00:00Z,105.268229,2023-11-22T05:00:00Z,105.437055405,28.19,2.0,,,,1.00:00:00,True,352 353
NKE,long,167,2023-11-23T05:00:00Z,106.75787375,2023-11-25T05:00:00Z,106.75787375,0.0,2.0,,,,2.00:00:00,False,354 355
AVGO,long,19,2023-12-02T05:00:00Z,914.343827936,2023-12-05T05:00:00Z,912.539841024,-34.28,2.0,,,,3.00:00:00,False,356 357
AVGO,long,19,2023-12-06T05:00:00Z,903.57937856,2023-12-07T05:00:00Z,912.262304576,164.98,2.0,,,,1.00:00:00,True,358 359
AVGO,long,19,2023-12-08T05:00:00Z,897.572696864,2023-12-09T05:00:00Z,919.676492544,419.97,2.0,,,,1.00:00:00,True,360 361
NKE,long,166,2023-12-29T05:00:00Z,106.6190693,2023-12-30T05:00:00Z,108.572091504,324.2,2.0,,,,1.00:00:00,True,362 363
