date,ticker,price_unadjusted,price_adjusted,market_cap_bn,shares_outstanding_bn,price_x_shares_bn
2019-01-02,AAPL,157.74,37.35,746.08,18.9192,2984.32
2019-01-02,MSFT,101.57,94.43,780.36,7.683,780.36
2019-01-02,XOM,68.19,48.28,288.92,4.237,288.92
2019-01-03,AAPL,157.92,37.39,746.08,18.9192,2987.72
2019-01-03,MSFT,101.12,94.02,780.36,7.683,776.9
2019-01-03,XOM,69.69,49.35,288.92,4.237,295.28
2019-01-04,AAPL,142.19,33.67,746.08,18.9192,2690.12
2019-01-04,MSFT,97.4,90.56,780.36,7.683,748.32
2019-01-04,XOM,68.62,48.59,288.92,4.237,290.74
2019-01-05,AAPL,148.26,35.1,746.08,18.9192,2804.96
2019-01-05,MSFT,101.93,94.77,780.36,7.683,783.13
2019-01-05,XOM,71.15,50.38,288.92,4.237,301.46
2019-01-08,AAPL,147.93,35.02,746.08,18.9192,2798.72
2019-01-08,MSFT,102.06,94.89,780.36,7.683,784.13
2019-01-08,XOM,71.54,50.65,288.92,4.237,303.11
2019-01-09,AAPL,150.75,35.69,746.08,18.9192,2852.07
2019-01-09,MSFT,102.8,95.58,780.36,7.683,789.81
2019-01-09,XOM,72.04,51.01,288.92,4.237,305.23
2019-01-10,AAPL,153.31,36.3,746.08,18.9192,2900.5
2019-01-10,MSFT,104.27,96.94,780.36,7.683,801.11
2019-01-10,XOM,72.42,51.28,288.92,4.237,306.84
2019-01-11,AAPL,153.8,36.41,746.08,18.9192,2909.77
2019-01-11,MSFT,103.6,96.32,780.36,7.683,795.96
2019-01-11,XOM,72.05,51.02,288.92,4.237,305.28
2019-01-12,AAPL,152.29,36.06,746.08,18.9192,2881.21
2019-01-12,MSFT,102.8,95.58,780.36,7.683,789.81
2019-01-12,XOM,71.72,50.78,288.92,4.237,303.88
2019-01-15,AAPL,150.0,35.51,746.08,18.9192,2837.88
2019-01-15,MSFT,102.05,94.88,780.36,7.683,784.05
2019-01-15,XOM,71.61,50.7,288.92,4.237,303.41
2019-01-16,AAPL,153.07,36.24,746.08,18.9192,2895.96
2019-01-16,MSFT,105.01,97.63,780.36,7.683,806.79
2019-01-16,XOM,71.67,50.75,288.92,4.237,303.67
2019-01-17,AAPL,154.94,36.68,746.08,18.9192,2931.34
2019-01-17,MSFT,105.38,97.98,780.36,7.683,809.63
2019-01-17,XOM,71.64,50.73,288.92,4.237,303.54
2019-01-18,AAPL,155.86,36.9,746.08,18.9192,2948.75
2019-01-18,MSFT,106.12,98.66,780.36,7.683,815.32
2019-01-18,XOM,72.13,51.07,288.92,4.237,305.61
2019-01-19,AAPL,156.82,37.13,746.08,18.8611,2957.8
2019-01-19,MSFT,107.71,100.14,780.36,7.683,827.54
2019-01-19,XOM,72.99,51.68,288.92,4.237,309.26
2019-01-23,AAPL,153.3,36.3,746.08,18.8611,2891.41
2019-01-23,MSFT,105.68,98.26,780.36,7.683,811.94
2019-01-23,XOM,71.89,50.9,288.92,4.237,304.6
2019-01-24,AAPL,153.92,36.44,746.08,18.8611,2903.1
2019-01-24,MSFT,106.71,99.21,780.36,7.683,819.85
2019-01-24,XOM,71.3,50.49,288.92,4.237,302.1
2019-01-25,AAPL,152.7,36.15,746.08,18.8611,2880.09
2019-01-25,MSFT,106.2,98.74,780.36,7.683,815.93
2019-01-25,XOM,71.36,50.53,288.92,4.237,302.35
2019-01-26,AAPL,157.76,37.35,746.08,18.8611,2975.53
2019-01-26,MSFT,107.17,99.64,780.36,7.6722,822.23
2019-01-26,XOM,71.72,50.78,288.92,4.237,303.88
2019-01-29,AAPL,156.3,37.01,746.08,18.8611,2947.99
2019-01-29,MSFT,105.08,97.7,780.36,7.6722,806.2
2019-01-29,XOM,71.24,50.44,288.92,4.237,301.84
2019-01-30,AAPL,154.68,36.62,746.08,18.8611,2917.44
2019-01-30,MSFT,102.94,95.71,780.36,7.6722,789.78
2019-01-30,XOM,71.51,50.63,288.92,4.237,302.99
2019-01-31,AAPL,165.25,39.13,746.08,18.8611,3116.8
2019-01-31,MSFT,106.38,98.91,780.36,7.6722,816.17
2019-01-31,XOM,72.31,51.2,288.92,4.237,306.38
2019-02-01,AAPL,166.44,39.41,784.81,18.8611,3139.24
2019-02-01,MSFT,104.43,97.09,801.21,7.6722,801.21
2019-02-01,XOM,73.28,51.89,310.33,4.2348,310.33
2019-02-02,AAPL,166.52,39.43,784.81,18.8611,3140.75
2019-02-02,MSFT,102.78,95.56,801.21,7.6722,788.55
2019-02-02,XOM,75.92,53.76,310.33,4.2348,321.51
2019-02-05,AAPL,171.25,40.55,784.81,18.8611,3229.97
2019-02-05,MSFT,105.74,98.31,801.21,7.6722,811.26
2019-02-05,XOM,74.84,52.99,310.33,4.2348,316.93
2019-02-06,AAPL,174.18,41.24,784.81,18.8611,3285.23
2019-02-06,MSFT,107.22,99.69,801.21,7.6722,822.61
2019-02-06,XOM,75.59,53.52,310.33,4.2348,320.11
2019-02-07,AAPL,174.24,41.25,784.81,18.8611,3286.36
2019-02-07,MSFT,106.03,98.58,801.21,7.6722,813.48
2019-02-07,XOM,75.26,53.29,310.33,4.2348,318.71
2019-02-08,AAPL,170.94,40.47,784.81,18.8611,3224.12
2019-02-08,MSFT,105.27,97.87,801.21,7.6722,807.65
2019-02-08,XOM,74.68,52.88,310.33,4.2348,316.26
2019-02-09,AAPL,170.41,40.52,784.81,18.8611,3214.12
2019-02-09,MSFT,105.67,98.25,801.21,7.6722,810.72
2019-02-09,XOM,73.98,52.96,310.33,4.2348,313.29
2019-02-12,AAPL,169.43,40.29,784.81,18.8611,3195.64
2019-02-12,MSFT,105.25,97.86,801.21,7.6722,807.5
2019-02-12,XOM,74.1,53.05,310.33,4.2348,313.8
2019-02-13,AAPL,170.89,40.63,784.81,18.8611,3223.18
2019-02-13,MSFT,106.89,99.38,801.21,7.6722,820.08
2019-02-13,XOM,75.4,53.98,310.33,4.2348,319.3
2019-02-14,AAPL,170.18,40.47,784.81,18.8611,3209.79
2019-02-14,MSFT,106.81,99.31,801.21,7.6722,819.47
2019-02-14,XOM,76.25,54.59,310.33,4.2348,322.9
2019-02-15,AAPL,170.8,40.61,784.81,18.8611,3221.48
2019-02-15,MSFT,106.9,99.39,801.21,7.6722,820.16
2019-02-15,XOM,76.27,54.6,310.33,4.2348,322.99
