variant,label,parameter,value,base_value,net_profit,cagr,sharpe,psr,max_drawdown,beta,orders,closed_trades,win_rate,total_fees,end_equity,backtest_id
base,"Base parameters, 2016 to 2024",,,,97.851,7.869,0.279,0.433,43.6,0.916,1340,1114,76.0,1388.79,197850.66,54b5e0649da4a9cbf3f7dce6c409c7fe
mos015,Margin of safety 15%,margin_of_safety,0.15,0.25,97.851,7.869,0.279,0.433,43.6,0.916,1340,1114,76.0,1388.79,197850.66,a99cffaf0689ce4df9e284d483a3ea4b
mos035,Margin of safety 35%,margin_of_safety,0.35,0.25,91.61,7.486,0.262,0.364,43.6,0.911,1345,1117,76.0,1392.19,191610.32,43c0dedb04b4ef42fc3d81a93de0f093
mos050,Margin of safety 50%,margin_of_safety,0.50,0.25,69.222,6.013,0.199,0.186,43.6,0.867,1262,1038,74.0,1293.35,169222.39,abb7ced19b46686b1ae4b17cfbb7237a
coe008,Cost of equity 8%,cost_of_equity,0.08,0.09,92.085,7.515,0.263,0.37,43.2,0.915,1309,1096,77.0,1355.86,192084.85,7f67daf6f1cbcc51e5a3e58ce1133a91
coe010,Cost of equity 10%,cost_of_equity,0.10,0.09,111.204,8.654,0.314,0.609,43.9,0.924,1365,1134,76.0,1414.1,211203.65,a07912c31771ade21d314bd7c599c41c
pos10,10 positions,max_positions,10,20,29.927,2.949,0.07,0.039,48.0,0.912,891,765,70.0,1034.35,129926.57,983f653f8fde81f2d1ad2f5bb5f0dc25
pos40,40 positions,max_positions,40,20,148.22,10.619,0.425,1.667,36.7,0.87,1558,1153,79.0,1533.57,248219.62,aaac93beca87e84abaf7f4205df6a749
univ300,Universe of 300,universe_size,300,150,157.427,11.067,0.403,1.351,42.7,0.935,1342,1092,82.0,1472.25,257426.6,301a40ee3885be871812978eae5386ca
