key,label,project_id,backtest_id,created,lean_version,start,end,parameters,net_profit,cagr,sharpe,psr,max_drawdown,beta,orders,closed_trades,win_rate,total_fees,end_equity,spy_total_return,spy_cagr,code_sha256_as_run,code_sha256_published
dcf__base,"Base parameters, 2016 to 2024",36836412,54b5e0649da4a9cbf3f7dce6c409c7fe,2026-09-22 17:45:13,v2.5.0.0.18116,2016-01-01,2024-12-30,universe_size=150; max_positions=20; cost_of_equity=0.09; margin_of_safety=0.25,97.851,7.869,0.279,0.433,43.6,0.916,1340,1114,76.0,1388.79,197850.66,239.0297,14.5332,4f7f49ed7adf30b3e57d0cbc4a754d47fd365cfa9d62e52d8ea7497a30ffa599,c455f69dffaa58f4380f51fd2e3d5a179753265b879f72aaba32da6eab6ec21f
dcf__sens_mos015,Margin of safety 15%,36836412,a99cffaf0689ce4df9e284d483a3ea4b,2026-09-22 18:09:53,v2.5.0.0.18116,2016-01-01,2024-12-30,universe_size=150; max_positions=20; cost_of_equity=0.09; margin_of_safety=0.15,97.851,7.869,0.279,0.433,43.6,0.916,1340,1114,76.0,1388.79,197850.66,239.0297,14.5332,4f7f49ed7adf30b3e57d0cbc4a754d47fd365cfa9d62e52d8ea7497a30ffa599,c455f69dffaa58f4380f51fd2e3d5a179753265b879f72aaba32da6eab6ec21f
dcf__sens_mos035,Margin of safety 35%,36836412,43c0dedb04b4ef42fc3d81a93de0f093,2026-09-22 18:12:03,v2.5.0.0.18116,2016-01-01,2024-12-30,universe_size=150; max_positions=20; cost_of_equity=0.09; margin_of_safety=0.35,91.61,7.486,0.262,0.364,43.6,0.911,1345,1117,76.0,1392.19,191610.32,239.0297,14.5332,4f7f49ed7adf30b3e57d0cbc4a754d47fd365cfa9d62e52d8ea7497a30ffa599,c455f69dffaa58f4380f51fd2e3d5a179753265b879f72aaba32da6eab6ec21f
dcf__sens_mos050,Margin of safety 50%,36836412,abb7ced19b46686b1ae4b17cfbb7237a,2026-09-24 21:06:40,v2.5.0.0.18126,2016-01-01,2024-12-30,universe_size=150; max_positions=20; cost_of_equity=0.09; margin_of_safety=0.50,69.222,6.013,0.199,0.186,43.6,0.867,1262,1038,74.0,1293.35,169222.39,239.0297,14.5332,4f7f49ed7adf30b3e57d0cbc4a754d47fd365cfa9d62e52d8ea7497a30ffa599,c455f69dffaa58f4380f51fd2e3d5a179753265b879f72aaba32da6eab6ec21f
dcf__sens_coe008,Cost of equity 8%,36836412,7f67daf6f1cbcc51e5a3e58ce1133a91,2026-09-22 18:13:57,v2.5.0.0.18116,2016-01-01,2024-12-30,universe_size=150; max_positions=20; cost_of_equity=0.08; margin_of_safety=0.25,92.085,7.515,0.263,0.37,43.2,0.915,1309,1096,77.0,1355.86,192084.85,239.0296,14.5332,4f7f49ed7adf30b3e57d0cbc4a754d47fd365cfa9d62e52d8ea7497a30ffa599,c455f69dffaa58f4380f51fd2e3d5a179753265b879f72aaba32da6eab6ec21f
dcf__sens_coe010,Cost of equity 10%,36836412,a07912c31771ade21d314bd7c599c41c,2026-09-24 21:04:58,v2.5.0.0.18126,2016-01-01,2024-12-30,universe_size=150; max_positions=20; cost_of_equity=0.10; margin_of_safety=0.25,111.204,8.654,0.314,0.609,43.9,0.924,1365,1134,76.0,1414.1,211203.65,239.0296,14.5332,4f7f49ed7adf30b3e57d0cbc4a754d47fd365cfa9d62e52d8ea7497a30ffa599,c455f69dffaa58f4380f51fd2e3d5a179753265b879f72aaba32da6eab6ec21f
dcf__sens_pos10,10 positions,36836412,983f653f8fde81f2d1ad2f5bb5f0dc25,2026-09-24 21:08:14,v2.5.0.0.18126,2016-01-01,2024-12-30,universe_size=150; max_positions=10; cost_of_equity=0.09; margin_of_safety=0.25,29.927,2.949,0.07,0.039,48.0,0.912,891,765,70.0,1034.35,129926.57,239.0296,14.5332,4f7f49ed7adf30b3e57d0cbc4a754d47fd365cfa9d62e52d8ea7497a30ffa599,c455f69dffaa58f4380f51fd2e3d5a179753265b879f72aaba32da6eab6ec21f
dcf__sens_pos40,40 positions,36836412,aaac93beca87e84abaf7f4205df6a749,2026-09-24 21:10:24,v2.5.0.0.18126,2016-01-01,2024-12-30,universe_size=150; max_positions=40; cost_of_equity=0.09; margin_of_safety=0.25,148.22,10.619,0.425,1.667,36.7,0.87,1558,1153,79.0,1533.57,248219.62,239.0296,14.5332,4f7f49ed7adf30b3e57d0cbc4a754d47fd365cfa9d62e52d8ea7497a30ffa599,c455f69dffaa58f4380f51fd2e3d5a179753265b879f72aaba32da6eab6ec21f
dcf__sens_univ300,Universe of 300,36836412,301a40ee3885be871812978eae5386ca,2026-09-24 21:12:32,v2.5.0.0.18126,2016-01-01,2024-12-30,universe_size=300; max_positions=20; cost_of_equity=0.09; margin_of_safety=0.25,157.427,11.067,0.403,1.351,42.7,0.935,1342,1092,82.0,1472.25,257426.6,239.0296,14.5332,4f7f49ed7adf30b3e57d0cbc4a754d47fd365cfa9d62e52d8ea7497a30ffa599,c455f69dffaa58f4380f51fd2e3d5a179753265b879f72aaba32da6eab6ec21f
dcf__prototype_2023,"2024 prototype, calendar 2023",17552945,e472f920b9bb72dbb8024af7d95f1c04,2024-04-04 17:28:14,,2023-01-01,2023-12-27,,27.233,27.402,1.878,96.331,2.6,0.386,363,181,58.0,363.04,127232.87,26.3907,26.7776,60ac793e7d500d9e01120d3948c90f61f63408d548f1a37da9818d1fd3134c06,60ac793e7d500d9e01120d3948c90f61f63408d548f1a37da9818d1fd3134c06
audit__basket_2023,"Reference: equal-weight buy and hold of the prototype's seven stocks, 2023",36922759,d611b8a8fb19c48188e250a4c75a5297,2026-09-24 23:17:21,v2.5.0.0.18126,2023-01-01,2023-12-27,mode=basket_2023,28.615,28.823,1.312,57.551,4.8,0.795,7,,0.0,7.5,128614.77,26.3906,26.7775,7fa49674a4c1163e3b503106310aa0d8fa5e725bfe8fa45f27783bd5c288e078,7fa49674a4c1163e3b503106310aa0d8fa5e725bfe8fa45f27783bd5c288e078
rerun__dcf_base,Check: base parameters re-run with the refactored code (main.py and dcf_model.py),36836412,4dbfbc74cea08eaceca427b01447a19d,2026-09-24 23:59:50,v2.5.0.0.18126,2016-01-01,,universe_size=150; max_positions=20; cost_of_equity=0.09; margin_of_safety=0.25,97.851,7.869,0.28,0.439,43.6,0.916,1340,1114,76.0,1388.79,197850.66,,,a567e72b8a0d0dbc3302ac84ad5a911f085f73c108e07877c4208cf1b893eb2f,56cadd096010a12f5f202abcfe01e06ec0273ef4fb9f3ff4f9d0bc42d8a27f7d
control__dcf_recorded_code,"Check: the base run's recorded main.py re-run, as a control for the re-run",36923806,48e014812a2a5dcdc8810e80d44d3637,2026-09-25 00:26:10,v2.5.0.0.18126,2016-01-01,2024-12-30,universe_size=150; max_positions=20; cost_of_equity=0.09; margin_of_safety=0.25,97.851,7.869,0.28,0.439,43.6,0.916,1340,1114,76.0,1388.79,197850.66,238.9928,14.5318,4f7f49ed7adf30b3e57d0cbc4a754d47fd365cfa9d62e52d8ea7497a30ffa599,c455f69dffaa58f4380f51fd2e3d5a179753265b879f72aaba32da6eab6ec21f
