project_id,project_name,backtest_id,name,created,completed,status,error,parameters,net_profit,sharpe,max_drawdown,orders,published_as
17552945,Energetic Sky Blue Jackal,e35f91bab2de0fdcf97b516d66b52540,Crying Blue Lion,2024-04-03 15:55:55,True,Runtime Error,"Algorithm.Initialize() Error: During the algorithm initialization, the following exception has occurred: Loader.TryCreatePythonAlgorithm(): Unable to import python module ./cache/algorithm/project/main.pyc. AlgorithmPythonWrapper(): No module named 'fairdata'",,0.0,0.0,0.0,0,not published: 2024 prototype run that stopped with an error at initialisation
17552945,Energetic Sky Blue Jackal,dcaefe66948384213f3f5ad19a3a2bbf,Creative Violet Anguilline,2024-04-03 15:57:10,True,Runtime Error,"During the algorithm initialization, the following exception has occurred: name 'file_path' is not defined",,0.0,0.0,0.0,0,not published: 2024 prototype run that stopped with an error at initialisation
17552945,Energetic Sky Blue Jackal,2a51c185595f202c762687ab16c677b5,Calculating Apricot Donkey,2024-04-03 15:57:43,True,Runtime Error,"During the algorithm initialization, the following exception has occurred: name 'file_path' is not defined",,0.0,0.0,0.0,0,not published: 2024 prototype run that stopped with an error at initialisation
17552945,Energetic Sky Blue Jackal,8038e6b645ebd1e27ec669a4f885f8c9,Virtual Asparagus Barracuda,2024-04-03 15:59:17,True,Runtime Error,"During the algorithm initialization, the following exception has occurred: [Errno 2] No such file or directory: 'fair_data.txt'",,0.0,0.0,0.0,0,not published: 2024 prototype run that stopped with an error at initialisation
17552945,Energetic Sky Blue Jackal,e79777571149dfdcaee6cfeaa900f6c3,Dancing Light Brown Pigeon,2024-04-03 16:01:49,True,Runtime Error,"During the algorithm initialization, the following exception has occurred: [Errno 2] No such file or directory: '/QuantConnect/backtesting/./cache/algorithm/project/fair_data.txt'",,0.0,0.0,0.0,0,not published: 2024 prototype run that stopped with an error at initialisation
17552945,Energetic Sky Blue Jackal,105a176d3090ec1463a843e3da0f7053,Measured Red Jackal,2024-04-03 18:19:47,True,Runtime Error,"During the algorithm initialization, the following exception has occurred: [Errno 2] No such file or directory: '/QuantConnect/backtesting/./cache/algorithm/project/fair_data.txt'",,0.0,0.0,0.0,0,not published: 2024 prototype run that stopped with an error at initialisation
17552945,Energetic Sky Blue Jackal,1ab9b58b5d5e58e15c1105f90742ac61,Crawling Black Koala,2024-04-03 18:21:54,True,Runtime Error,"During the algorithm initialization, the following exception has occurred: [Errno 2] No such file or directory: '/QuantConnect/backtesting/./cache/algorithm/project/fair_data.txt'",,0.0,0.0,0.0,0,not published: 2024 prototype run that stopped with an error at initialisation
17552945,Energetic Sky Blue Jackal,034fc1d05283ee2bdda385819af74a37,Crawling Fluorescent Yellow Dragonfly,2024-04-03 18:52:00,True,Runtime Error,[Errno 2] No such file or directory: '/QuantConnect/backtesting/./cache/algorithm/project/fair_data.txt',,0.0,0.0,0.0,0,not published: 2024 prototype run that stopped with an error at initialisation
17552945,Energetic Sky Blue Jackal,f99a58a37ffb7f789daf50f41fe1970e,Dancing Tan Chicken,2024-04-03 18:54:55,True,Runtime Error,"During the algorithm initialization, the following exception has occurred: Trying to retrieve an element from a collection using a key that does not exist in that collection throws a KeyError exception. To prevent the exception, ensure that the 'Symbol' key exist in the collection and/or that collection is not empty.",,0.0,0.0,0.0,0,not published: 2024 prototype run that stopped with an error at initialisation
17552945,Energetic Sky Blue Jackal,3dc81522caceefd4be0096553e4c77c5,Creative Blue Viper,2024-04-03 18:57:25,True,Runtime Error,"During the algorithm initialization, the following exception has occurred: Trying to retrieve an element from a collection using a key that does not exist in that collection throws a KeyError exception. To prevent the exception, ensure that the 'Ticker' key exist in the collection and/or that collection is not empty.",,0.0,0.0,0.0,0,not published: 2024 prototype run that stopped with an error at initialisation
17552945,Energetic Sky Blue Jackal,064b71fb82fc468334234fad3027494d,Retrospective Tan Frog,2024-04-03 19:04:16,True,Runtime Error,Runtime Error: 'NoneType' object has no attribute 'Price',,1.976,2.776,0.4,32,not published: 2024 prototype run that stopped with an error during the backtest after 32 orders
17552945,Energetic Sky Blue Jackal,418bb2dae97fefa8728ea771d26e53f1,Crawling Red Hornet,2024-04-03 19:06:40,True,Runtime Error,Runtime Error: 'TradeBar' object has no attribute 'HasData',,0.0,0.0,0.0,0,not published: 2024 prototype run that stopped with an error during the backtest
17552945,Energetic Sky Blue Jackal,58b67f9a98432b06c324a87737b01555,Virtual Black Buffalo,2024-04-03 19:12:12,True,Runtime Error,Runtime Error: 'NoneType' object has no attribute 'Price',,1.976,2.776,0.4,32,not published: 2024 prototype run that stopped with an error during the backtest after 32 orders
17552945,Energetic Sky Blue Jackal,f0acf31a075b95fc15ebaff2a6d031c2,Formal Light Brown Shark,2024-04-03 19:14:40,True,Runtime Error,"Algorithm.Initialize() Error: During the algorithm initialization, the following exception has occurred: Loader.TryCreatePythonAlgorithm(): Unable to import python module ./cache/algorithm/project/main.pyc. AlgorithmPythonWrapper(): name 'symbol' is not defined",,0.0,0.0,0.0,0,not published: 2024 prototype run that stopped with an error at initialisation
17552945,Energetic Sky Blue Jackal,3e3ee04203d9e89704d4bbfeb395b2ea,Jumping Tan Bee,2024-04-03 19:17:35,True,Completed.,,,9.023,0.389,1.0,363,"not published: earlier completed run of the 2024 prototype; not exported, so its code and orders are not in the repository"
17552945,Energetic Sky Blue Jackal,3bf10354f9501593bff8fe3f51b126bd,Logical Sky Blue Lemur,2024-04-03 19:19:31,True,Completed.,,,7.978,0.127,1.2,427,"not published: earlier completed run of the 2024 prototype; not exported, so its code and orders are not in the repository"
17552945,Energetic Sky Blue Jackal,35cdc1cf73301f5919cb20917f3c466a,Upgraded Light Brown Rat,2024-04-03 19:21:24,True,Completed.,,,8.363,0.215,1.3,539,"not published: earlier completed run of the 2024 prototype; not exported, so its code and orders are not in the repository"
17552945,Energetic Sky Blue Jackal,5b054bf1c99f3934e4ca6ea783c5996a,Calm Yellow Green Anguilline,2024-04-03 19:23:02,True,Completed.,,,10.36,0.53,1.9,6,"not published: earlier completed run of the 2024 prototype; not exported, so its code and orders are not in the repository"
17552945,Energetic Sky Blue Jackal,978396539cfde280badb3ccbfb98f831,Emotional Light Brown Bear,2024-04-03 20:04:44,True,Runtime Error,"During the algorithm initialization, the following exception has occurred: 'SmoothLightBrownPenguin' object has no attribute 'benchmarkTicker'",,0.0,0.0,0.0,0,not published: 2024 prototype run that stopped with an error at initialisation
17552945,Energetic Sky Blue Jackal,93fa36b721ce7e7fec6d5135228d9468,Dancing Magenta Salamander,2024-04-03 20:09:51,True,Completed.,,,10.36,0.53,1.9,6,"not published: earlier completed run of the 2024 prototype; not exported, so its code and orders are not in the repository"
17552945,Energetic Sky Blue Jackal,2f5bdd1e218b989dfdd34e521c853a34,Focused Fluorescent Yellow Dog,2024-04-03 20:13:24,True,Completed.,,,7.194,-0.078,1.4,606,"not published: earlier completed run of the 2024 prototype; not exported, so its code and orders are not in the repository"
17552945,Energetic Sky Blue Jackal,be26061583c4a96b5df04455fb371757,Casual Light Brown Alligator,2024-04-03 20:14:14,True,Completed.,,,7.978,0.127,1.2,427,"not published: earlier completed run of the 2024 prototype; not exported, so its code and orders are not in the repository"
17552945,Energetic Sky Blue Jackal,848eafecebddb06bc28eed5ac1853ce8,Calm Fluorescent Orange Jackal,2024-04-03 20:15:39,True,Completed.,,,24.178,1.656,3.0,427,"not published: earlier completed run of the 2024 prototype; not exported, so its code and orders are not in the repository"
17552945,Energetic Sky Blue Jackal,a2ae401826d7fb2720dfcd83f3f1d878,Determined Orange Viper,2024-04-03 20:22:43,True,Completed.,,,21.171,1.24,3.9,429,"not published: earlier completed run of the 2024 prototype; not exported, so its code and orders are not in the repository"
17552945,Energetic Sky Blue Jackal,4baeeb976e75ab83fb41637969544431,Sleepy Green Horse,2024-04-03 20:26:02,True,Completed.,,,25.635,1.278,5.8,8,"not published: earlier completed run of the 2024 prototype; not exported, so its code and orders are not in the repository"
17552945,Energetic Sky Blue Jackal,ec951a37764216443a88dd0698c45ef7,Adaptable Light Brown Owlet,2024-04-03 20:28:45,True,Completed.,,,21.171,1.24,3.9,429,"not published: earlier completed run of the 2024 prototype; not exported, so its code and orders are not in the repository"
17552945,Energetic Sky Blue Jackal,eae021ebd25692971ffc10ff9f7a9d81,Crawling Sky Blue Horse,2024-04-03 20:30:14,True,Completed.,,,19.568,1.055,4.8,608,"not published: earlier completed run of the 2024 prototype; not exported, so its code and orders are not in the repository"
17552945,Energetic Sky Blue Jackal,662fef1be4a2ea7f24d823ed8f3c927e,Hipster Brown Penguin,2024-04-03 20:31:17,True,Completed.,,,21.034,1.223,4.2,449,"not published: earlier completed run of the 2024 prototype; not exported, so its code and orders are not in the repository"
17552945,Energetic Sky Blue Jackal,6b8967248f863b17c7c1aebcab178d88,Well Dressed Red Caterpillar,2024-04-03 20:37:27,True,Completed.,,,2.967,-0.544,7.0,1778,"not published: earlier completed run of the 2024 prototype; not exported, so its code and orders are not in the repository"
17552945,Energetic Sky Blue Jackal,ca889a93ff71c862248915d753694fc4,Creative Yellow Green Dolphin,2024-04-03 20:38:51,True,Completed.,,,2.967,-0.544,7.0,1778,"not published: earlier completed run of the 2024 prototype; not exported, so its code and orders are not in the repository"
17552945,Energetic Sky Blue Jackal,530523b1ddc4b47bb0779af33677fad1,Energetic Magenta Tapir,2024-04-03 20:39:40,True,Completed.,,,25.635,1.278,5.8,8,"not published: earlier completed run of the 2024 prototype; not exported, so its code and orders are not in the repository"
17552945,Energetic Sky Blue Jackal,cfd1a9a1467642fbf261bee71d7996eb,Creative Tan Gaur,2024-04-04 01:07:38,True,Completed.,,,25.635,1.278,5.8,8,"not published: earlier completed run of the 2024 prototype; not exported, so its code and orders are not in the repository"
17552945,Energetic Sky Blue Jackal,df934312d5c3fe0f99e7521beb1f7827,Sleepy Violet Galago,2024-04-04 01:15:04,True,Completed.,,,25.635,1.278,5.8,8,"not published: earlier completed run of the 2024 prototype; not exported, so its code and orders are not in the repository"
17552945,Energetic Sky Blue Jackal,d6ba80680ff339b7006e6a86534d5c8c,Smooth Fluorescent Pink Shark,2024-04-04 14:05:04,True,Completed.,,,25.635,1.278,5.8,8,"not published: earlier completed run of the 2024 prototype; not exported, so its code and orders are not in the repository"
17552945,Energetic Sky Blue Jackal,d2de3d432706c047521c2f4211b901e0,Swimming Sky Blue Gorilla,2024-04-04 14:10:20,True,Completed.,,,21.034,1.223,4.2,449,"not published: earlier completed run of the 2024 prototype; not exported, so its code and orders are not in the repository"
17552945,Energetic Sky Blue Jackal,b819120ff9f3b484b33f329a5d26636c,Upgraded Yellow Green Kangaroo,2024-04-04 14:18:12,True,Completed.,,,16.637,1.236,2.7,447,"not published: earlier completed run of the 2024 prototype; not exported, so its code and orders are not in the repository"
17552945,Energetic Sky Blue Jackal,7adad0a47311233ee70500d0b06da799,Fat Yellow Wolf,2024-04-04 14:19:29,True,Completed.,,,18.985,1.505,1.9,363,"not published: earlier completed run of the 2024 prototype; not exported, so its code and orders are not in the repository"
17552945,Energetic Sky Blue Jackal,908bf12da5f1945f91a26629e1a53482,Virtual Asparagus Goshawk,2024-04-04 14:20:19,True,Completed.,,,27.233,1.878,2.6,363,"not published: earlier completed run of the 2024 prototype, same headline statistics as the published final run; not exported, so its code and orders are not in the repository"
17552945,Energetic Sky Blue Jackal,ea45363d0ad567c0202bf67e40cd073d,Calm Sky Blue Gaur,2024-04-04 15:19:14,True,Completed.,,,27.233,1.878,2.6,363,"not published: earlier completed run of the 2024 prototype, same headline statistics as the published final run; not exported, so its code and orders are not in the repository"
17552945,Energetic Sky Blue Jackal,e472f920b9bb72dbb8024af7d95f1c04,Geeky Sky Blue Caterpillar,2024-04-04 17:28:14,True,Completed.,,,27.233,1.878,2.6,363,dcf__prototype_2023
17554026,Library/lib,,,,,,,,,,,,no backtests: QuantConnect lists none in this project
36836412,Automated DCF point-in-time,54b5e0649da4a9cbf3f7dce6c409c7fe,run1,2026-09-22 17:45:13,True,Completed.,,,97.851,0.279,43.6,1340,dcf__base
36836412,Automated DCF point-in-time,a99cffaf0689ce4df9e284d483a3ea4b,sens mos 0.15,2026-09-22 18:09:53,True,Completed.,,margin_of_safety=0.15; cost_of_equity=0.09,97.851,0.279,43.6,1340,dcf__sens_mos015
36836412,Automated DCF point-in-time,43c0dedb04b4ef42fc3d81a93de0f093,sens mos 0.35,2026-09-22 18:12:03,True,Completed.,,margin_of_safety=0.35; cost_of_equity=0.09,91.61,0.262,43.6,1345,dcf__sens_mos035
36836412,Automated DCF point-in-time,7f67daf6f1cbcc51e5a3e58ce1133a91,sens coe 0.08,2026-09-22 18:13:57,True,Completed.,,margin_of_safety=0.25; cost_of_equity=0.08,,,,1309,dcf__sens_coe008
36836412,Automated DCF point-in-time,a07912c31771ade21d314bd7c599c41c,sens coe 0.10,2026-09-24 21:04:58,True,Completed.,,margin_of_safety=0.25; cost_of_equity=0.10,111.204,0.314,43.9,1365,dcf__sens_coe010
36836412,Automated DCF point-in-time,abb7ced19b46686b1ae4b17cfbb7237a,sens mos 0.50,2026-09-24 21:06:40,True,Completed.,,margin_of_safety=0.50; cost_of_equity=0.09,69.222,0.199,43.6,1262,dcf__sens_mos050
36836412,Automated DCF point-in-time,983f653f8fde81f2d1ad2f5bb5f0dc25,sens pos 10,2026-09-24 21:08:14,True,Completed.,,margin_of_safety=0.25; cost_of_equity=0.09; max_positions=10,29.927,0.07,48.0,891,dcf__sens_pos10
36836412,Automated DCF point-in-time,aaac93beca87e84abaf7f4205df6a749,sens pos 40,2026-09-24 21:10:24,True,Completed.,,margin_of_safety=0.25; cost_of_equity=0.09; max_positions=40,148.22,0.425,36.7,1558,dcf__sens_pos40
36836412,Automated DCF point-in-time,301a40ee3885be871812978eae5386ca,sens univ 300,2026-09-24 21:12:32,True,Completed.,,margin_of_safety=0.25; cost_of_equity=0.09; max_positions=20; universe_size=300,157.427,0.403,42.7,1342,dcf__sens_univ300
36836412,Automated DCF point-in-time,4dbfbc74cea08eaceca427b01447a19d,rerun refactored base,2026-09-24 23:59:50,True,Completed.,,,97.851,0.28,43.6,1340,rerun__dcf_base
36922759,Audit benchmark checks,59188fbb663a9156f0a91ef329d1a6e0,spy 2015-2019,2026-09-24 23:16:46,True,Completed.,,mode=spy_2015_2019,73.298,0.618,19.2,1,not in this repository: the SPY reference run of the stat-arb repository (audit__spy_2015_2019)
36922759,Audit benchmark checks,d611b8a8fb19c48188e250a4c75a5297,basket 2023,2026-09-24 23:17:21,True,Completed.,,mode=basket_2023,28.615,1.312,4.8,7,audit__basket_2023
36923806,DCF control rerun of recorded code,48e014812a2a5dcdc8810e80d44d3637,control: recorded main.py rerun,2026-09-25 00:26:10,True,Completed.,,,97.851,0.28,43.6,1340,control__dcf_recorded_code
36923739,Data probe,d8437e5465b8ac3e0e57c1793df5a2ca,probe 2012,2026-09-25 00:25:09,True,Completed.,,year=2012,0.0,0.0,0.0,0,"not published: first probe version, without a once-per-day guard (it counted repeat calls on the same day); discarded and replaced by probe2__2012"
36923739,Data probe,783c48a6748f1768dc417308cc432b26,probe 2019,2026-09-25 00:25:33,True,Completed.,,year=2019,0.0,0.0,0.0,0,"not published: first probe version, without a once-per-day guard (it counted repeat calls on the same day); discarded and replaced by probe2__2019"
36923739,Data probe,843f4a7d9ac7d1d4fe5c23dea76eda92,probe v2 2012,2026-09-25 00:28:47,True,Completed.,,year=2012,0.0,0.0,0.0,0,probe2__2012
36923739,Data probe,7e0a587bfa6cb6d324391beb453792be,probe v2 2019,2026-09-25 00:29:33,True,Completed.,,year=2019,0.0,0.0,0.0,0,probe2__2019
36924577,Market cap probe,3ea271f9598e34f6872c7aa6911fa3c8,cap probe 2019,2026-09-25 00:34:40,True,Completed.,,,0.0,0.0,0.0,0,"not published: first run of the cap probe, replaced by capprobe2__2019; not exported"
36924577,Market cap probe,10bf1b25d6e517a9f7ddb811dba709d9,cap probe v2 2019 logs,2026-09-25 00:36:08,True,Completed.,,,0.0,0.0,0.0,0,capprobe2__2019
